word,pos,def,ex,col,status
abundant,adjective,existing in large amounts; more than enough,"Solar energy is abundant in many hot countries, so it makes sense to invest in it.","abundant supply, abundant evidence, abundant resources",approved
ambiguous,adjective,"able to be understood in more than one way, so the meaning is unclear","The wording of the new rule was ambiguous, so many people simply ignored it.","ambiguous wording, deliberately ambiguous, ambiguous message",approved
apparent,adjective,easy to see or understand,It soon became apparent that the new policy was not working.,"become apparent, readily apparent, for no apparent reason",approved
coherent,adjective,"clearly organised, with ideas that connect in a logical way",A coherent essay links each paragraph back to the main argument.,"coherent argument, coherent strategy, clear and coherent",approved
considerable,adjective,large or important enough to be noticed,Building a new airport would require a considerable amount of public money.,"considerable amount, considerable effort, at considerable cost",approved
conventional,adjective,following the usual or traditional way of doing things,Some adults prefer online courses to conventional classroom teaching.,"conventional methods, conventional wisdom, conventional energy",approved
crucial,adjective,"extremely important, because other things depend on it",Early education plays a crucial role in a child's later success.,"crucial role, crucial factor, absolutely crucial",approved
decline,noun,"a gradual fall in the amount, quality or importance of something",There has been a steady decline in the number of people who read printed newspapers.,"steady decline, sharp decline, in decline",approved
diminish,verb,"to become smaller or less important, or to make something do this",The importance of handwriting may diminish as more students type their work.,"diminish over time, greatly diminish, diminish the value",approved
diverse,adjective,including many different types of people or things,Large cities tend to have diverse populations with many languages and cultures.,"culturally diverse, diverse range, diverse backgrounds",approved
dramatic,adjective,sudden and very large or noticeable,The graph shows a dramatic increase in online shopping over the last decade.,"dramatic increase, dramatic change, dramatic effect",approved
eliminate,verb,to remove something completely,Governments cannot eliminate poverty without investing in education.,"eliminate poverty, completely eliminate, eliminate the need",approved
emerge,verb,"to appear or become known, often after some time",New problems tend to emerge when cities grow too quickly.,"begin to emerge, emerge as, emerge from",approved
enhance,verb,"to improve the quality, value or strength of something",Learning a second language can enhance a person's career prospects.,"enhance the quality, greatly enhance, enhance performance",approved
equivalent,adjective,"equal in value, amount or meaning to something else",A degree from a foreign university is not always treated as equivalent to a local one.,"equivalent to, roughly equivalent, the equivalent of",approved
exceed,verb,"to be greater than a particular number, amount or limit","In some cities, air pollution levels regularly exceed safe limits.","exceed limits, exceed expectations, far exceed",approved
fundamental,adjective,forming the most basic and important part of something,Access to clean water is a fundamental human right.,"fundamental right, fundamental change, fundamental principle",approved
generate,verb,to produce or create something,Tourism can generate jobs and income for rural communities.,"generate income, generate electricity, generate interest",approved
gradual,adjective,happening slowly over a long period,The chart shows a gradual rise in average temperatures over the century.,"gradual increase, gradual decline, gradual process",approved
inevitable,adjective,certain to happen and impossible to prevent,Some job losses are inevitable as more tasks become automated.,"almost inevitable, seem inevitable, inevitable result",approved
indicate,verb,to show or suggest that something is true,Recent surveys indicate that most young people want to work from home at least part of the time.,"indicate that, clearly indicate, research indicates",approved
infer,verb,"to reach an opinion from the information you have, not from what is directly said","From the figures, we can infer that demand for public transport is rising.","infer from, reasonable to infer, infer meaning",approved
justify,verb,to give a good reason for a decision or action,It is difficult to justify spending so much on space exploration while poverty still exists.,"justify the cost, difficult to justify, justify a decision",approved
maintain,verb,to keep something at the same level or in good condition,Older people need regular exercise to maintain their health.,"maintain standards, maintain a balance, maintain good health",approved
modify,verb,"to change something slightly, usually to improve it",Many schools have had to modify their timetables to include more physical activity.,"modify behaviour, slightly modify, modify a design",approved
notable,adjective,important or interesting enough to deserve attention,One notable feature of the data is the sharp fall in car ownership among young adults.,"notable exception, notable feature, notable increase",approved
obtain,verb,"to get something, often through effort or by following a process",Students from poorer families often find it harder to obtain a place at university.,"obtain information, obtain permission, difficult to obtain",approved
occur,verb,"to happen, especially without being planned",Most road accidents occur in towns rather than on motorways.,"frequently occur, occur naturally, accidents occur",approved
overall,adjective,considering everything together; general rather than detailed,The overall trend is clear: more people are choosing to live alone.,"overall trend, overall picture, overall effect",approved
persistent,adjective,"continuing for a long time, or refusing to stop",Persistent noise from traffic can affect people's sleep and health.,"persistent problem, persistent effort, persistent pain",approved
predominant,adjective,"the most common, noticeable or powerful",Cars remain the predominant form of transport in most rural areas.,"predominant role, predominant form, predominant language",approved
relevant,adjective,closely connected to the subject or situation,Schools should teach skills that are relevant to modern workplaces.,"relevant to, highly relevant, relevant experience",approved
subsequent,adjective,happening after something else,"Smoking was banned in public places, and subsequent studies showed a fall in heart disease.","subsequent years, subsequent studies, subsequent changes",approved
substantial,adjective,"large in amount, size or importance",Moving to renewable energy will require substantial investment.,"substantial amount, substantial increase, substantial evidence",approved
undermine,verb,to gradually make something weaker or less effective,Constant criticism can undermine a child's confidence.,"undermine confidence, seriously undermine, undermine efforts",approved
utilise,verb,to use something in a practical and effective way,Schools could utilise technology more fully to support weaker students.,"utilise resources, fully utilise, effectively utilise",approved
vary,verb,"to be different in different situations, or to change",Attitudes towards older people vary greatly from one culture to another.,"vary greatly, vary widely, vary considerably",approved
accommodate,verb,to provide enough space for people or things; to adapt to someone's needs,Many old school buildings cannot accommodate the growing number of pupils.,"accommodate the needs of, accommodate guests, accommodate change",approved
advocate,verb,"to publicly support an idea, plan or way of doing things",Many health experts advocate a tax on sugary drinks.,"strongly advocate, advocate reform, advocate a policy",approved
contradict,verb,to say or show the opposite of something,The results of the new study contradict earlier research on screen time.,"contradict the evidence, appear to contradict, directly contradict",approved
facilitate,verb,to make an action or process easier,Good public transport can facilitate access to jobs for people on low incomes.,"facilitate learning, facilitate access, facilitate communication",approved
hence,linker,for this reason; as a result (formal),"Rents in city centres are very high; hence, many young families move to the suburbs.","hence the need for, hence the popularity of",approved
likewise,linker,in the same way; also,"Children need clear rules at home; likewise, they need consistent discipline at school.","do likewise, and likewise",approved
notwithstanding,linker,despite something (very formal),"Notwithstanding the high cost, many experts believe the new railway line is worth building.","notwithstanding the cost, notwithstanding these concerns, notwithstanding the fact that",approved
therefore,linker,for that reason; as a result,Older workers have valuable experience and should therefore be encouraged to stay in work.,"and therefore, it is therefore, should therefore",approved
arguably,adverb,used when you believe something is true and can give reasons for it,Climate change is arguably the most serious challenge facing the world today.,"arguably the most, arguably the best, arguably more important",approved
conversely,linker,used to introduce an idea that is the opposite of the one just mentioned,"Some people find working from home lonely; conversely, others feel more productive there.","and conversely, or conversely",approved
respectively,adverb,in the same order as the things just mentioned,The bar chart and the line graph show car use and bus use respectively.,"X and Y respectively, by 10% and 15% respectively",approved
alter,verb,"to change something, usually slightly",Social media continues to alter the way young people communicate.,"alter the way, significantly alter, alter the course of",approved
anticipate,verb,to expect something to happen and prepare for it,City planners must anticipate future growth when designing public transport.,"anticipate problems, anticipate demand, fully anticipate",approved
beneficial,adjective,having a good or helpful effect,Regular exercise is beneficial for both physical and mental health.,"beneficial effect, mutually beneficial, beneficial to",approved
challenge,noun,a difficult task or problem that tests someone's ability,Providing affordable housing is a major challenge for many governments.,"major challenge, face a challenge, rise to the challenge",approved
clarify,verb,to make something easier to understand by explaining it more,Teachers should clarify the aims of each lesson at the start.,"clarify the meaning, clarify a point, help to clarify",approved
compelling,adjective,so strong or convincing that you have to accept it,There is compelling evidence that air pollution harms children's health.,"compelling evidence, compelling argument, compelling reason",approved
comprehensive,adjective,"including everything, or almost everything, that is needed",The government should carry out a comprehensive review of the tax system.,"comprehensive review, comprehensive range, comprehensive approach",approved
contribute,verb,"to help to cause something; to give money, time or ideas",Many factors contribute to rising obesity rates among children.,"contribute to, contribute significantly, contribute money",approved
controversial,adjective,causing a lot of public disagreement,Animal testing remains a controversial issue in medical research.,"highly controversial, controversial issue, controversial decision",approved
derive,verb,to get something from a particular source,Many people derive great satisfaction from volunteering.,"derive from, derive pleasure, derive benefit",approved
dominate,verb,"to be the most powerful, important or noticeable part of something",A few large companies dominate the online shopping market.,"dominate the market, dominate the news, come to dominate",approved
emphasise,verb,to show that something is especially important,Teachers should emphasise the value of reading for pleasure.,"emphasise the importance, strongly emphasise, emphasise the need",approved
establish,verb,to start something that will last; to find out the facts about something,The aim of the study was to establish whether diet affects exam results.,"establish a link, establish a business, firmly establish",approved
exacerbate,verb,to make a bad situation worse,Building more roads may exacerbate traffic problems rather than solve them.,"exacerbate the problem, further exacerbate, exacerbate inequality",approved
feasible,adjective,possible and practical to do,A shorter working week may not be feasible for every type of business.,"economically feasible, technically feasible, feasible option",approved
foster,verb,to encourage something to develop,Team sports can foster cooperation and respect among young people.,"foster cooperation, foster creativity, foster a sense of",approved
highlight,verb,to draw attention to something important,The report aims to highlight the risks of spending too much time online.,"highlight the need, highlight the importance, highlight the risks",approved
imply,verb,to suggest something without saying it directly,The figures imply that demand for social housing will keep rising.,"seem to imply, imply that, clearly imply",approved
incorporate,verb,to include something as part of a larger whole,Schools should incorporate practical skills such as cooking into the curriculum.,"incorporate into, incorporate ideas, fully incorporate",approved
negligible,adjective,so small that it is not worth considering,"For most offices, the extra cost of recycled paper is negligible.","negligible effect, negligible amount, negligible risk",approved
persist,verb,"to continue to exist or happen, often when this is not wanted",Gender stereotypes still persist in many workplaces.,"problems persist, continue to persist, persist in doing",approved
plausible,adjective,likely to be true; reasonable,One plausible explanation for rising obesity is that people walk less than before.,"plausible explanation, highly plausible, plausible reason",approved
precise,adjective,exact and accurate in every detail,It is hard to give a precise figure for the number of people working from home.,"precise figure, precise details, precise measurements",approved
promote,verb,to support or encourage something; to advertise something,Governments should promote healthy eating through clear food labels.,"promote health, promote awareness, actively promote",approved
profound,adjective,very great or strong; having a deep effect,The internet has had a profound effect on the way people learn.,"profound effect, profound impact, profound change",approved
pursue,verb,to try to achieve something over a period of time,More adults now pursue further education later in life.,"pursue a career, pursue a goal, pursue further studies",approved
rational,adjective,based on clear thinking and reason rather than feelings,People do not always make rational decisions about money.,"rational decision, rational argument, rational choice",approved
reinforce,verb,"to make an idea, feeling or behaviour stronger",Advertising can reinforce harmful stereotypes about body image.,"reinforce stereotypes, reinforce the idea, further reinforce",approved
reluctant,adjective,not willing to do something,Many older people are reluctant to use online banking.,"reluctant to, increasingly reluctant, reluctant participant",approved
retain,verb,to keep something rather than lose it,Companies need to offer good working conditions to retain skilled staff.,"retain staff, retain information, retain control",approved
reveal,verb,to show or make known something that was hidden or unknown,Recent studies reveal that many teenagers do not get enough sleep.,"reveal the truth, reveal that, research reveals",approved
rigorous,adjective,"very careful, thorough and strict",New medicines must pass rigorous tests before they are approved.,"rigorous testing, rigorous standards, rigorous research",approved
scarce,adjective,not available in large enough amounts,Fresh water is becoming increasingly scarce in many parts of the world.,"scarce resources, increasingly scarce, scarce supply",approved
sufficient,adjective,enough for a particular purpose,Many students do not get sufficient sleep during exam periods.,"sufficient evidence, sufficient time, sufficient funding",approved
transform,verb,"to change something completely, usually in a positive way",Online learning could transform education in remote areas.,"transform the way, completely transform, transform lives",approved
undergo,verb,"to experience a process of change, or something difficult",Many high streets undergo major changes as shopping moves online.,"undergo change, undergo treatment, undergo training",approved
unique,adjective,being the only one of its kind; very special,Every city has a unique character that tourism can either protect or damage.,"unique opportunity, unique character, unique to",approved
viable,adjective,able to work successfully in practice,Electric buses are now a viable alternative to diesel ones.,"viable alternative, economically viable, viable option",approved
accompany,verb,to go somewhere with someone; to happen or exist together with something,"In many countries, an adult must accompany young children on public transport.","accompany someone, be accompanied by, often accompany",approved
accumulate,verb,to gradually collect or increase over time,Plastic waste continues to accumulate in the world's oceans.,"accumulate wealth, accumulate debt, gradually accumulate",approved
adjacent,adjective,next to or very near something,Residents often object to new factories being built adjacent to their homes.,"adjacent to, adjacent area, adjacent buildings",approved
aggregate,adjective,formed by adding several amounts together; total,Aggregate demand for energy is expected to rise as populations grow.,"aggregate demand, aggregate data, aggregate score",approved
appreciate,verb,to understand the value or importance of something; to be grateful for something,Travelling abroad helps young people appreciate other cultures.,"fully appreciate, appreciate the value, appreciate the importance",approved
arise,verb,"to begin to happen or exist, usually used about problems or situations",Problems often arise when cities grow faster than their infrastructure.,"problems arise, questions arise, arise from",approved
cease,verb,to stop happening or existing (formal),Many small shops cease trading when a large supermarket opens nearby.,"cease to exist, cease trading, cease operations",approved
circumstance,noun,a fact or condition that affects a situation,"Students should be judged on their ability, not on the circumstance of their birth.","in any circumstance, under no circumstance, a change in circumstance",approved
comprise,verb,to be made up of particular parts; to form a whole,Women now comprise a growing share of the country's workforce.,"comprise three main parts, comprise mainly, be made up of",approved
conceive,verb,to form an idea or plan in your mind; to imagine,It is hard to conceive of a modern economy without the internet.,"conceive of, conceive a plan, difficult to conceive",approved
confine,verb,to keep someone or something within certain limits,Schools should not confine learning to the classroom.,"confine to, be confined to, confine yourself to",approved
consecutive,adjective,following one after another without a break,Unemployment has fallen for several consecutive years.,"consecutive years, consecutive days, for the third consecutive",approved
constitute,verb,to form or be something,Older people now constitute a large share of the population in many countries.,"constitute a threat, constitute a majority, constitute a risk",approved
consume,verb,"to use energy, food, time or other resources",Wealthy countries consume far more energy per person than poorer ones.,"consume energy, consume resources, consume time",approved
controversy,noun,strong public disagreement about something,The plan to build a new motorway caused controversy among local residents.,"cause controversy, considerable controversy, surrounded by controversy",approved
correspond,verb,to match or be similar to something; to write to someone regularly,The rise in house prices does not correspond to a similar rise in wages.,"correspond to, correspond with, closely correspond",approved
denote,verb,"to be a sign of something, or to represent it","In the chart, the red line is used to denote average rainfall.","used to denote, denote a change, clearly denote",approved
deviate,verb,"to move away from what is usual, planned or expected",Students who deviate from the essay question often lose marks.,"deviate from, deviate significantly, deviate from the norm",approved
devote,verb,"to give a lot of your time, energy or money to something",Many retired people devote their time to voluntary work.,"devote time to, devote resources to, devote attention to",approved
distinct,adjective,clearly different or separate from something else,Rural and urban areas often have distinct needs when it comes to transport.,"distinct difference, distinct advantage, clearly distinct",approved
dynamic,adjective,full of energy and new ideas; always changing,A dynamic economy creates new kinds of jobs every year.,"dynamic economy, dynamic environment, highly dynamic",approved
encounter,verb,"to experience something, especially a problem or difficulty",International students often encounter culture shock in their first year.,"encounter problems, encounter difficulties, encounter resistance",approved
equally,adverb,to the same degree or in the same way,Household tasks should be shared equally between partners.,"equally important, shared equally, treated equally",approved
exhibit,verb,"to show a feeling, quality or type of behaviour; to show something in public",Children who spend too long on screens may exhibit signs of poor concentration.,"exhibit signs of, exhibit behaviour, exhibit work",approved
explicit,adjective,"stated clearly and in detail, leaving no doubt",Schools need explicit rules about the use of mobile phones in class.,"explicit rules, explicit instructions, make explicit",approved
exploit,verb,to use something fully; to treat someone unfairly for your own benefit,Some companies exploit workers in countries with weak labour laws.,"exploit workers, exploit resources, fully exploit",approved
expose,verb,to put someone in a situation where they could be harmed; to make something hidden known,Living near busy roads can expose children to high levels of air pollution.,"expose to, expose the truth, be exposed to",approved
external,adjective,coming from or existing outside something,Many small businesses depend on external funding to grow.,"external factors, external funding, external pressure",approved
framework,noun,"a set of rules, ideas or structures that supports a plan or system",Governments need a clear legal framework for the use of personal data.,"legal framework, theoretical framework, provide a framework",approved
grant,noun,money given by a government or organisation for a particular purpose,Students from low-income families can apply for a grant to cover their living costs.,"apply for a grant, government grant, research grant",approved
identical,adjective,exactly the same,"Students do not all learn in an identical way, so teaching should be flexible.","almost identical, identical twins, identical to",approved
implicit,adjective,suggested but not stated directly,Many adverts carry an implicit message that happiness comes from buying things.,"implicit message, implicit assumption, implicit in",approved
inhibit,verb,to slow down or prevent a process; to make someone less confident,High taxes on small firms may inhibit economic growth.,"inhibit growth, inhibit development, inhibit learning",approved
inspect,verb,to look at something carefully to check that it is safe or correct,Officials regularly inspect restaurants to make sure food is stored safely.,"inspect carefully, inspect premises, regularly inspect",approved
intense,adjective,very strong or extreme,Many students face intense pressure to achieve high grades.,"intense pressure, intense competition, intense heat",approved
intrinsic,adjective,belonging naturally to something as part of what it is,"Learning has intrinsic value, not just as a way to get a better job.","intrinsic value, intrinsic motivation, intrinsic part",approved
invoke,verb,"to use a law, rule or idea to support an action or argument",Governments sometimes invoke public safety to justify new restrictions.,"invoke a law, invoke a right, invoke the principle of",approved
isolate,verb,to separate someone or something from others,Working from home can isolate employees from their colleagues.,"isolate from, isolate the cause, completely isolate",approved
mutual,adjective,felt or done equally by two or more people towards each other,Good relationships between teachers and parents are based on mutual respect.,"mutual respect, mutual benefit, mutual understanding",approved
offset,verb,to balance one effect with an opposite one,Planting trees can partly offset the carbon emissions from air travel.,"offset the cost, offset emissions, partly offset",approved
orient,verb,to direct something towards a particular purpose or group,Universities should orient their courses towards the needs of employers.,"orient towards, orient yourself, be oriented towards",approved
overlap,verb,"to cover part of the same area, subject or period as something else","In primary schools, the topics taught in history and geography often overlap.","overlap with, partly overlap, overlap considerably",approved
paradigm,noun,a typical model or pattern of thinking about something,Online learning represents a new paradigm in higher education.,"new paradigm, paradigm shift, dominant paradigm",approved
parameter,noun,a limit or factor that controls how something is done or judged,Cost is only one parameter to consider when choosing a university.,"key parameter, set parameters, within the parameters of",approved
portion,noun,a part of something larger; an amount of food for one person,A large portion of household income is spent on rent in big cities.,"large portion, significant portion, portion size",approved
precede,verb,to happen or come before something,Long periods of planning usually precede major building projects.,"immediately precede, precede the event, directly precede",approved
presume,verb,to believe something is true without being certain,Many people presume that older workers are less able to learn new skills.,"presume that, wrongly presume, safe to presume",approved
prior,adjective,happening or existing before something else,No prior experience is needed for many entry-level jobs.,"prior experience, prior knowledge, prior to",approved
proceed,verb,"to continue, or to start doing something after a pause",The council decided to proceed with plans for a new sports centre.,"proceed with, proceed to, proceed carefully",approved
prohibit,verb,to officially forbid something by law or rule,Many cities prohibit smoking in public parks.,"prohibit the use of, strictly prohibit, prohibit by law",approved
prominent,adjective,important and well known; easy to see,Science now plays a prominent role in public debate.,"prominent role, prominent figure, prominent position",approved
pursuit,noun,the act of trying to achieve something over a period of time,The pursuit of wealth does not always lead to happiness.,"the pursuit of, in pursuit of, leisure pursuit",approved
random,adjective,happening or chosen without a plan or pattern,The survey was based on a random sample of adults from across the country.,"random sample, at random, random selection",approved
refine,verb,to improve something by making small changes,Scientists continue to refine their methods as new technology appears.,"refine a method, refine skills, further refine",approved
reluctance,noun,the feeling of not wanting to do something,There is a growing reluctance among young people to buy their own cars.,"reluctance to, growing reluctance, initial reluctance",approved
sequence,noun,a series of events or things in a particular order,Children learn their first language in a fairly predictable sequence.,"sequence of events, in sequence, logical sequence",approved
shift,noun,"a change in position, direction or attitude",There has been a shift towards healthier eating in recent years.,"shift towards, major shift, shift in attitudes",approved
solely,adverb,"only, and not involving anything or anyone else",Success should not be measured solely by income.,"solely responsible, based solely on, rely solely on",approved
specify,verb,to state something clearly and in detail,The law should specify how much sugar can be added to children's food.,"clearly specify, specify the amount, specify a date",approved
stable,adjective,not likely to change suddenly; steady,Children do best when they grow up in a stable home environment.,"stable environment, stable economy, remain stable",approved
substitute,noun,a person or thing used instead of another,Online lessons are not a full substitute for face-to-face teaching.,"substitute for, poor substitute, sugar substitute",approved
supplement,noun,something added to improve or complete something else,"Vitamin pills should be a supplement to a healthy diet, not a replacement for it.","dietary supplement, vitamin supplement, a supplement to",approved
terminate,verb,to end something officially,Employers cannot terminate a contract without a fair reason.,"terminate a contract, terminate employment, terminate an agreement",approved
trigger,verb,"to cause something to start, often suddenly",Rising food prices can trigger protests in poorer countries.,"trigger a reaction, trigger a debate, trigger protests",approved
underlie,verb,"to be the real, often hidden, cause of something",Poverty and poor housing often underlie health problems in big cities.,"underlie the problem, factors that underlie, underlie the success of",approved
uniform,adjective,the same everywhere or in every case,There is no uniform approach to homework across different schools.,"uniform approach, uniform standards, uniform in size",approved
unify,verb,to bring people or things together so that they form a whole,"Major sporting events can unify a country, at least for a short time.","unify the country, unify people, help to unify",approved
unprecedented,adjective,never having happened or existed before,Many cities are growing at an unprecedented rate.,"unprecedented rate, unprecedented level, unprecedented scale",approved
validity,noun,the quality of being based on facts or good reasoning; being legally acceptable,Some experts question the validity of exam results as a measure of intelligence.,"question the validity, validity of, scientific validity",approved
via,phrase,"through a particular place, method or person",Most young people now get their news via social media.,"via email, via the internet, via social media",approved
whereby,linker,by which; through which (formal),Many companies use a system whereby staff can choose their own working hours.,"a system whereby, an arrangement whereby, a process whereby",approved
accomplish,verb,"to succeed in doing something, especially after effort",Volunteers can accomplish a great deal when they work together.,"accomplish a goal, accomplish a task, accomplish a great deal",approved
acknowledge,verb,to accept or admit that something is true or exists,Governments must acknowledge the scale of the housing problem.,"acknowledge the problem, widely acknowledge, fail to acknowledge",approved
ambition,noun,a strong wish to achieve something,Many young people have the ambition to start their own business.,"career ambition, lack of ambition, achieve an ambition",approved
applicable,adjective,affecting or relevant to a particular person or situation,"The new rules are applicable to all large companies, but not to small businesses.","applicable to, widely applicable, where applicable",approved
approximate,adjective,"close to the exact number or amount, but not exact",The chart gives the approximate number of visitors each month.,"approximate number, approximate cost, approximate figure",approved
arbitrary,adjective,based on chance or personal choice rather than reason,Setting a single retirement age for every type of job is somewhat arbitrary.,"arbitrary decision, arbitrary rules, seemingly arbitrary",approved
attribute,verb,to say or believe that something is caused by something else,Many experts attribute the rise in obesity to a lack of exercise.,"attribute to, largely attribute, attribute success to",approved
capacity,noun,the ability to do something; the amount that something can hold,Many hospitals are operating at full capacity during the winter months.,"full capacity, capacity to, limited capacity",approved
clarification,noun,an explanation that makes something easier to understand,Parents often ask for clarification on how exam grades are calculated.,"ask for clarification, seek clarification, need clarification",approved
coincide,verb,to happen at the same time as something else,The rise in sales seemed to coincide with the advertising campaign.,"coincide with, happen to coincide, closely coincide",approved
compatible,adjective,able to exist or work together without problems,Economic growth must be compatible with protecting the environment.,"compatible with, fully compatible, mutually compatible",approved
concentrate,verb,to give all your attention to something,Many students find it hard to concentrate when their phone is nearby.,"concentrate on, find it hard to concentrate, concentrate efforts",approved
consensus,noun,general agreement among a group of people,There is a growing consensus that too much sugar is harmful.,"reach a consensus, growing consensus, scientific consensus",approved
consistent,adjective,always behaving or happening in the same way; agreeing with other facts,Young children respond best to consistent rules at home and at school.,"consistent with, consistent approach, remain consistent",approved
cooperate,verb,to work together with others towards a shared aim,Countries must cooperate to reduce global carbon emissions.,"cooperate with, cooperate closely, fully cooperate",approved
deduce,verb,to reach a conclusion by thinking carefully about the information you have,Researchers were able to deduce the cause of the illness from a small number of cases.,"deduce from, deduce that, logically deduce",approved
discriminate,verb,to treat a person or group unfairly because of who they are,It is illegal for employers to discriminate against workers because of their age.,"discriminate against, discriminate between, unfairly discriminate",approved
distribute,verb,to give or share something among a number of people or places,Charities distribute food to families in need.,"distribute evenly, distribute food, distribute wealth",approved
duration,noun,the length of time that something lasts,The duration of a university degree varies from country to country.,"for the duration of, short duration, the duration of the course",approved
inherent,adjective,existing as a natural and permanent part of something,There are risks inherent in any extreme sport.,"inherent risk, inherent in, inherent weakness",approved
illustrate,verb,to show or explain something by giving examples,These figures illustrate how quickly city populations are growing.,"illustrate the point, clearly illustrate, illustrate how",approved
integral,adjective,necessary and important as part of a whole,Sport should be an integral part of the school day.,"integral part, integral role, integral to",approved
interval,noun,a period of time between two events,There is often a long interval between leaving university and finding a secure job.,"at regular intervals, short interval, time interval",approved
perspective,noun,a particular way of thinking about something,Travelling abroad gives young people a broader perspective on life.,"broader perspective, from a different perspective, global perspective",approved
priority,noun,something that is more important than other things,Public safety should be the government's top priority.,"top priority, high priority, give priority to",approved
transition,noun,the process of changing from one state or situation to another,The transition from school to university can be difficult for many students.,"smooth transition, transition period, make the transition",approved
abstract,adjective,"based on ideas rather than real, physical things",Young children find abstract concepts such as time hard to understand.,"abstract concept, abstract idea, abstract art",approved
capable,adjective,having the ability or skill to do something,Older workers are fully capable of learning new technology.,"capable of, highly capable, fully capable",approved
complex,adjective,made of many connected parts and difficult to understand,Climate change is a complex problem with no simple solution.,"complex issue, highly complex, complex relationship",approved
acquisition,noun,"the process of getting something, especially knowledge or a skill",Language acquisition is usually faster in early childhood.,"language acquisition, skill acquisition, acquisition of knowledge",approved
adaptation,noun,a change that helps something fit a new situation; a film or play made from a book,Climate adaptation will require new flood defences in coastal cities.,"climate adaptation, adaptation to, film adaptation",approved
advancement,noun,progress or development; moving to a higher position at work,Rapid technological advancement has changed the way people work.,"technological advancement, career advancement, scientific advancement",approved
alternative,noun,something you can choose instead of something else,Cycling is a cheap and healthy alternative to driving.,"viable alternative, alternative to, cheaper alternative",approved
benefit,noun,an advantage or good effect,One major benefit of working from home is the time saved on commuting.,"major benefit, benefit of, mutual benefit",approved
academic,adjective,"connected with education and study, especially at school or university",Parental support can have a strong effect on a child's academic performance.,"academic performance, academic achievement, academic year",approved
acquire,verb,"to gain knowledge, a skill or a possession, usually through effort",Children acquire new languages more easily than adults.,"acquire skills, acquire knowledge, newly acquired",approved
adapt,verb,to change in order to suit a new situation,International students usually need time to adapt to a new culture.,"adapt to, quickly adapt, adapt to change",approved
admission,noun,"permission to enter a school, university or place; the cost of entry",Competition for admission to top universities has increased sharply.,"university admission, admission to, free admission",approved
assess,verb,"to judge the quality, level or importance of something",Exams are not the only way to assess a student's ability.,"assess ability, assess the impact, carefully assess",approved
assignment,noun,a piece of work given to a student as part of a course,Teachers should give clear feedback on every written assignment.,"complete an assignment, written assignment, submit an assignment",approved
attain,verb,"to achieve something, usually after a lot of effort",Few candidates attain the highest grade without regular practice.,"attain a goal, attain a level, difficult to attain",approved
broaden,verb,"to make something wider, or include more things or people",Travelling can broaden young people's understanding of the world.,"broaden horizons, broaden knowledge, broaden access",approved
discipline,noun,training people to obey rules; also a subject of study at university,Strict discipline in schools does not always lead to better results.,"maintain discipline, lack of discipline, academic discipline",approved
educate,verb,"to teach someone, especially at school or university, or to give people information about something",Governments should do more to educate the public about the dangers of smoking.,"educate the public, educate children, educate people about",approved
enrol,verb,"to officially join a school, college or course",More adults now choose to enrol on evening courses to improve their job prospects.,"enrol on a course, enrol at a university, enrol in",approved
evaluate,verb,"to judge how good, useful or effective something is",Schools should regularly evaluate how well new teaching methods are working.,"evaluate the effectiveness, carefully evaluate, evaluate the evidence",approved
examination,noun,a formal test of knowledge or skill; also a careful check of something,Many students feel enormous pressure before a final examination.,"pass an examination, sit an examination, close examination",approved
faculty,noun,a group of related departments in a university; also a natural ability of the mind or body,She studied in the law faculty of a large public university.,"faculty of medicine, faculty members, mental faculties",approved
graduate,noun,a person who has completed a university degree,A graduate with some work experience usually finds a job more quickly than one without.,"university graduate, recent graduate, graduate employment",approved
numeracy,noun,the ability to understand and work with numbers,Basic numeracy is just as important as reading for everyday life.,"basic numeracy, literacy and numeracy, numeracy skills",approved
pedagogy,noun,the study of teaching methods and how people learn,Modern pedagogy encourages students to ask questions rather than simply memorise facts.,"modern pedagogy, effective pedagogy, teaching and pedagogy",approved
qualification,noun,"an official record, such as a degree or certificate, showing you have completed a course or have a skill","In many professions, a university qualification is no longer enough to get a good job.","professional qualification, academic qualification, gain a qualification",approved
scholarship,noun,"money given to a student, usually because of good results, to help pay for their studies",Winning a scholarship allowed him to study abroad without borrowing money.,"win a scholarship, full scholarship, scholarship scheme",approved
semester,noun,one of the two main periods into which a university year is divided,Students who fall behind in their first semester often struggle for the rest of the year.,"first semester, spring semester, end of the semester",approved
workload,noun,the amount of work a person has to do,A heavy workload can leave teachers with little time to plan creative lessons.,"heavy workload, manage a workload, reduce the workload",approved
achievement,noun,something good that you have done through effort or skill,Learning to speak a second language fluently is a real achievement.,"great achievement, academic achievement, sense of achievement",approved
concentration,noun,the ability to give all your attention to one thing,Constant notifications on mobile phones can seriously damage a student's concentration.,"lack of concentration, powers of concentration, require concentration",approved
comprehension,noun,"the ability to understand something, especially written or spoken language",Reading every day is one of the best ways to improve comprehension.,"reading comprehension, listening comprehension, beyond comprehension",approved
competence,noun,the ability to do something well or to the necessary standard,Employers want graduates who can show competence in using digital tools.,"professional competence, level of competence, demonstrate competence",approved
diploma,noun,an official document or course showing that you have completed a course of study,She completed a diploma in nursing before starting work at a hospital.,"diploma in, diploma course, award a diploma",approved
dissertation,noun,"a long piece of writing on a subject, done as part of a university degree",Most final-year students find writing a dissertation the hardest part of their degree.,"write a dissertation, submit a dissertation, doctoral dissertation",approved
dropout,noun,a person who leaves school or college before finishing a course; also the act of leaving early,Schools in poorer areas often have a higher dropout rate.,"dropout rate, school dropout, reduce dropout",approved
educational,adjective,"connected with education, or helping people to learn",Some children's television programmes have real educational value.,"educational value, educational system, educational opportunities",approved
enlighten,verb,to give someone information so they understand something better,A good documentary can enlighten viewers about problems they had never considered.,"enlighten people, enlighten the public, enlighten someone about",approved
expel,verb,"to officially make someone leave a school or organisation, usually because of bad behaviour",Schools should only expel a pupil as a last resort.,"expel a pupil, expel from school, threaten to expel",approved
instructor,noun,"a person who teaches a practical skill, such as driving or a sport",A qualified driving instructor can help new drivers build confidence safely.,"driving instructor, fitness instructor, qualified instructor",approved
mentor,noun,an experienced person who advises and helps someone with less experience,Having a mentor at work can help young employees develop their careers faster.,"act as a mentor, personal mentor, mentor scheme",approved
motivate,verb,"to make someone want to do something, especially something that needs effort",Good teachers know how to motivate pupils who have lost interest in learning.,"motivate students, highly motivated, motivate someone to",approved
research,noun,detailed study of a subject to discover new facts or information,Governments should invest more money in medical research.,"carry out research, scientific research, research shows",approved
revision,noun,studying again what you have learnt before an exam; also a change made to something,Many students leave their revision until the night before the exam.,"do revision, exam revision, revision timetable",approved
seminar,noun,a class at university where a small group discusses a topic with a teacher,Taking part in a seminar helps students develop their speaking and thinking skills.,"attend a seminar, seminar group, lead a seminar",approved
specialise,verb,to study or work mostly in one particular subject or area,"Students are often asked to specialise too early, before they know what they enjoy.","specialise in, choose to specialise, highly specialised",approved
syllabus,noun,the list of subjects and topics in a course of study,"The history syllabus should include the history of other countries, not just our own.","school syllabus, cover the syllabus, on the syllabus",approved
tutorial,noun,a lesson with a teacher and one student or a small group; also a set of instructions that teaches a skill,"An online tutorial can teach a practical skill, such as basic cooking, in just a few minutes.","online tutorial, video tutorial, attend a tutorial",approved
contaminate,verb,"to make something dirty, harmful or poisonous by adding a dangerous substance",Chemicals from factories can contaminate rivers and drinking water.,"contaminate water, contaminate the soil, contaminate food",approved
deforestation,noun,the cutting down of large areas of forest,Deforestation destroys the homes of countless animals and plants.,"large-scale deforestation, tackle deforestation, rate of deforestation",approved
degrade,verb,"to make something worse in quality, especially the natural environment",Intensive farming can degrade the soil until nothing will grow.,"degrade the environment, degrade the soil, degrade habitats",approved
depletion,noun,"the reduction of something, such as a natural supply, until little is left",The depletion of fish stocks threatens the jobs of many coastal communities.,"resource depletion, ozone depletion, rapid depletion",approved
ecosystem,noun,all the living things in an area and the way they affect each other and their environment,Plastic waste is damaging the ocean ecosystem in ways we are only beginning to understand.,"fragile ecosystem, marine ecosystem, damage an ecosystem",approved
endangered,adjective,(of a type of animal or plant) at risk of disappearing completely,Zoos can play a useful role in protecting endangered animals.,"endangered species, critically endangered, endangered animals",approved
erosion,noun,"the gradual damage to land or rock by wind, water or ice; also the gradual weakening of something",Planting trees along the coast can help to reduce soil erosion.,"soil erosion, coastal erosion, gradual erosion",approved
extinction,noun,the situation in which a type of animal or plant no longer exists,Many species are being pushed towards extinction by the loss of their habitats.,"face extinction, on the verge of extinction, mass extinction",approved
habitat,noun,the natural home of an animal or plant,"When forests are cleared, many animals lose their natural habitat.","natural habitat, habitat loss, destroy a habitat",approved
landfill,noun,a place where waste is buried under the ground; also the waste itself,Most household rubbish still ends up in landfill instead of being reused.,"landfill site, go to landfill, reduce landfill",approved
pollution,noun,"damage to air, water or land caused by harmful substances or waste",Air pollution in big cities is a serious threat to public health.,"air pollution, reduce pollution, pollution levels",approved
preserve,verb,"to keep something in its original state, or protect it from harm or loss",Governments should do more to preserve areas of natural beauty.,"preserve the environment, preserve wildlife, preserve traditions",approved
recycle,verb,to treat used materials so they can be used again,"Every household should be encouraged to recycle glass, paper and plastic.","recycle waste, recycle plastic, easy to recycle",approved
wildlife,noun,"animals, birds and plants living in natural conditions",Building new roads through the countryside can harm local wildlife.,"protect wildlife, wildlife habitat, wildlife conservation",approved
climate,noun,the usual weather conditions in a particular place,A warmer climate could make some farming regions too dry to grow crops.,"climate change, tropical climate, harsh climate",approved
drought,noun,"a long period with little or no rain, causing a shortage of water",A severe drought can destroy a farmer's crops in a single season.,"severe drought, prolonged drought, suffer from drought",approved
ecological,adjective,connected with the relationships between living things and their environment,Oil spills can cause an ecological disaster that lasts for decades.,"ecological disaster, ecological balance, ecological damage",approved
fossil fuel,noun,"a fuel such as coal, oil or gas that was formed underground from the remains of plants and animals","Coal is the most polluting fossil fuel, so many countries plan to stop using it.","burn fossil fuels, reliance on fossil fuels, fossil fuel industry",approved
greenhouse,noun,"a glass building for growing plants; in greenhouse gas or greenhouse effect, it describes gases that trap heat around the earth",Methane from farming is a powerful greenhouse gas.,"greenhouse gas, greenhouse effect, greenhouse emissions",approved
industrialisation,noun,the development of industry on a large scale in a country or region,Rapid industrialisation has made some cities very rich but also very polluted.,"rapid industrialisation, process of industrialisation, era of industrialisation",approved
overpopulation,noun,the situation in which too many people live in one place for its resources,"Overpopulation puts great pressure on housing, transport and water supplies.","problem of overpopulation, urban overpopulation, cause overpopulation",approved
reforestation,noun,the planting of trees in an area where forest has been cut down,Large reforestation projects can help absorb carbon from the atmosphere.,"reforestation project, large-scale reforestation, support reforestation",approved
resource,noun,"something useful, such as water, oil or money, that a country or person has and can use",Fresh water is a precious resource in many dry parts of the world.,"natural resource, valuable resource, scarce resource",approved
scarcity,noun,a situation in which there is not enough of something,Water scarcity is likely to become one of the biggest problems of this century.,"water scarcity, food scarcity, scarcity of resources",approved
toxic,adjective,poisonous and harmful to living things,Old batteries contain toxic chemicals and should never be thrown away with normal rubbish.,"toxic waste, toxic chemicals, highly toxic",approved
vegetation,noun,"plants in general, especially those growing in a particular area",The loss of vegetation on hillsides can lead to dangerous landslides.,"dense vegetation, natural vegetation, lack of vegetation",approved
carbon,noun,a chemical element found in all living things; often used to mean carbon dioxide released into the air,Planting trees is one way to remove carbon from the atmosphere.,"carbon emissions, carbon footprint, reduce carbon",approved
catastrophic,adjective,causing sudden and very great damage or suffering,Rising sea levels could have catastrophic effects on low-lying countries.,"catastrophic effects, catastrophic consequences, potentially catastrophic",approved
disposal,noun,"the act of getting rid of something, especially waste",The safe disposal of electronic waste is a growing problem.,"waste disposal, safe disposal, disposal of",approved
environmental,adjective,connected with the natural world and the effect people have on it,Cheap flights have a high environmental cost that is rarely included in the price.,"environmental protection, environmental impact, environmental issues",approved
exhaust,noun,the waste gas that comes out of a vehicle's engine,Exhaust from traffic is the main source of air pollution in many cities.,"exhaust fumes, car exhaust, vehicle exhaust",approved
global warming,noun,"the gradual rise in the temperature of the earth, caused mainly by gases such as carbon dioxide",Global warming is causing glaciers to melt faster than ever before.,"tackle global warming, effects of global warming, contribute to global warming",approved
marine,adjective,connected with the sea and the animals and plants that live in it,Plastic bags are a serious threat to marine life.,"marine life, marine environment, marine pollution",approved
organic,adjective,(of food or farming) produced without artificial chemicals; also coming from living things,"Organic food is often more expensive, but many people believe it is healthier.","organic food, organic farming, organic waste",approved
ozone,noun,a form of oxygen; the ozone layer high above the earth protects us from the sun's harmful rays,International agreements have helped the ozone layer to slowly recover.,"ozone layer, ozone depletion, hole in the ozone layer",approved
protection,noun,the act of keeping someone or something safe from harm or damage,Stronger laws are needed for the protection of rare animals.,"environmental protection, protection of, provide protection",approved
purification,noun,the process of removing harmful or dirty substances from something,Water purification systems can save lives in areas without clean drinking water.,"water purification, air purification, purification process",approved
reduction,noun,"the act of making something smaller in size, amount or number",A reduction in car use would make city centres cleaner and quieter.,"significant reduction, reduction in, cost reduction",approved
artificial,adjective,made by people rather than happening naturally; not real,Many processed foods contain artificial colours and sweeteners.,"artificial ingredients, artificial light, artificial flavours",approved
cybersecurity,noun,the protection of computer systems and data from attacks and theft,"As more services move online, businesses must spend more on cybersecurity.","improve cybersecurity, cybersecurity threats, cybersecurity measures",approved
database,noun,a large amount of information stored in a computer in an organised way,Hospitals keep patient records in a secure database.,"online database, national database, store in a database",approved
digital,adjective,"using computer technology, or recording information as numbers",Older people may struggle to access services that are only available in digital form.,"digital technology, digital skills, digital age",approved
algorithm,noun,a set of rules a computer follows to solve a problem or make a decision,Social media companies use an algorithm to decide which posts each user sees.,"computer algorithm, search algorithm, design an algorithm",approved
application,noun,"a program designed for a particular task, especially on a phone; also a formal request",A banking application on your phone lets you manage your money anywhere.,"mobile application, software application, job application",approved
artificial intelligence,noun,"the ability of computers to do tasks that normally need human intelligence, such as learning or making decisions","Artificial intelligence may replace some jobs, but it will also create new ones.","use artificial intelligence, advances in artificial intelligence, artificial intelligence tools",approved
connectivity,noun,the ability to connect to the internet or to other computers,Poor connectivity in rural areas makes remote working almost impossible.,"internet connectivity, broadband connectivity, improve connectivity",approved
digitalisation,noun,"the change to using digital technology in a business, service or society",The digitalisation of banking has led to many local branches closing.,"digitalisation of services, rapid digitalisation, process of digitalisation",approved
efficient,adjective,"working well without wasting time, money or energy",Electric trains are a more efficient way to move large numbers of people.,"energy efficient, highly efficient, efficient use of",approved
electronic,adjective,using electricity and small parts such as computer chips; done on a computer,Many schools now accept homework in electronic form.,"electronic devices, electronic waste, electronic communication",approved
emerging,adjective,new and starting to develop or become important,Emerging technologies such as driverless cars raise new safety questions.,"emerging technologies, emerging markets, emerging economies",approved
install,verb,to put a piece of equipment or software in place so it is ready to use,It is easy to install apps that collect personal data without realising it.,"install software, install equipment, install solar panels",approved
interface,noun,the way a computer program or device shows information and lets the user control it,A simple interface makes new technology easier for older people to use.,"user interface, simple interface, interface design",approved
network,noun,"a system of connected computers, people, roads or lines",A reliable public transport network is essential for a modern city.,"computer network, social network, transport network",approved
platform,noun,a computer system or online service that other things run on or that people use to share content,Any platform that lets users share videos should act quickly to remove harmful content.,"online platform, social media platform, digital platform",approved
privacy,noun,the right to keep your personal life and information to yourself,Many users worry about their privacy when using free apps.,"right to privacy, invasion of privacy, data privacy",approved
robotics,noun,"the science of designing, building and using robots",Advances in robotics mean that many factory jobs are now done by machines.,"advances in robotics, robotics industry, study robotics",approved
technological,adjective,connected with technology,Rapid technological change means workers must keep learning new skills.,"technological change, technological advances, technological development",approved
virtual,adjective,created by computers and existing online rather than in the physical world,"During the pandemic, many lessons moved to a virtual classroom.","virtual reality, virtual meeting, virtual world",approved
access,noun,the right or chance to use or get something; the way into a place,Everyone should have access to fast and affordable internet.,"have access to, internet access, easy access",approved
advanced,adjective,modern and well developed; at a high level,Advanced medical equipment is still very expensive in poorer countries.,"advanced technology, highly advanced, advanced level",approved
communication,noun,"the act of sharing information, ideas or feelings with others",Email has made communication between companies in different countries much faster.,"means of communication, effective communication, communication skills",approved
computerised,adjective,controlled by or stored on a computer,Most libraries now use a computerised system to track borrowed books.,"computerised system, computerised records, fully computerised",approved
disrupt,verb,to stop something from continuing or working in the normal way,New online businesses can disrupt traditional industries very quickly.,"disrupt services, disrupt the market, seriously disrupt",approved
mechanism,noun,a part of a machine that does a particular job; also a system or method for doing something,There should be a clear mechanism for users to report harmful content online.,"safety mechanism, defence mechanism, mechanism for",approved
modernise,verb,to change something so that it is more suitable for the present day,Many countries need to modernise their railways to make them faster and cleaner.,"modernise the economy, modernise the system, need to modernise",approved
patent,noun,an official right to be the only one to make or sell a new invention for a number of years,A company that holds a patent on a medicine can set a very high price for it.,"hold a patent, apply for a patent, patent protection",approved
processor,noun,the part of a computer that controls its main operations,A faster processor allows phones to run several apps at once.,"computer processor, fast processor, food processor",approved
programming,noun,the activity of writing instructions for computers,Some countries now teach programming to children in primary school.,"computer programming, programming language, learn programming",approved
researcher,noun,a person whose job is to study a subject in detail to discover new facts,Every medical researcher needs proper funding to carry out reliable studies.,"medical researcher, leading researcher, team of researchers",approved
storage,noun,"the keeping of things, or space for keeping them, until they are needed; also space for saving computer data",Cloud storage means people no longer lose their photos when a phone breaks.,"cloud storage, data storage, storage space",approved
streaming,noun,watching or listening to video or music directly from the internet without downloading it first,The rise of music streaming has changed how artists earn money.,"video streaming, streaming service, live streaming",approved
user-friendly,adjective,easy for people to use or understand,Government websites should be user-friendly so that everyone can access public services.,"user-friendly design, user-friendly interface, more user-friendly",approved
wireless,adjective,"working without wires, using radio signals",Most cafés now offer free wireless internet to attract customers.,"wireless internet, wireless network, wireless technology",approved
adequate,adjective,"enough in amount, or good enough for a particular purpose",Many young people do not get adequate sleep during the school week.,"adequate sleep, adequate funding, adequate supply",approved
ailment,noun,"an illness, usually one that is not very serious",A common ailment such as a cold does not usually need a visit to the doctor.,"common ailment, minor ailment, treat an ailment",approved
antibiotic,noun,a medicine that kills bacteria and is used to treat infections,"Doctors should not prescribe an antibiotic for a cold, because colds are caused by viruses.","prescribe antibiotics, course of antibiotics, resistant to antibiotics",approved
balanced,adjective,"with the right amount of each part, especially in food or in an argument",A balanced diet should include plenty of fruit and vegetables.,"balanced diet, balanced lifestyle, balanced view",approved
diagnosis,noun,"the act of finding out what illness someone has, or the judgement that is made",Early diagnosis greatly improves the chances of surviving cancer.,"early diagnosis, accurate diagnosis, make a diagnosis",approved
disorder,noun,an illness or condition that stops the body or mind from working normally,Anorexia is a serious eating disorder that often begins in the teenage years.,"eating disorder, sleep disorder, mental disorder",approved
healthcare,noun,"the services that look after people's health, such as doctors and hospitals",Free healthcare should be a basic right in every country.,"free healthcare, access to healthcare, healthcare system",approved
hygiene,noun,the practice of keeping yourself and your surroundings clean to prevent illness,"Teaching children good hygiene, such as washing their hands, helps stop the spread of disease.","personal hygiene, good hygiene, food hygiene",approved
immunity,noun,the body's ability to resist a particular disease,Vaccines help people build immunity without having to catch the disease first.,"build immunity, immunity to, natural immunity",approved
infection,noun,a disease caused by bacteria or a virus entering the body,Washing your hands regularly reduces the risk of infection.,"risk of infection, viral infection, spread of infection",approved
lifestyle,noun,"the way a person lives, including their habits, work and free time",An inactive lifestyle can lead to serious health problems later in life.,"healthy lifestyle, sedentary lifestyle, lifestyle choices",approved
malnutrition,noun,poor health caused by not eating enough food or the right kinds of food,Many children around the world still suffer from malnutrition.,"suffer from malnutrition, severe malnutrition, child malnutrition",approved
medication,noun,medicine that a doctor gives someone to treat an illness,Some patients stop taking their medication as soon as they feel better.,"take medication, prescribe medication, on medication",approved
mental,adjective,connected with the mind,Spending time outdoors can be good for your mental health.,"mental health, mental illness, mental well-being",approved
prevention,noun,the act of stopping something bad from happening,Spending money on prevention is cheaper than treating diseases later.,"disease prevention, crime prevention, prevention is better than cure",approved
recover,verb,to become healthy again after an illness or injury; to return to a normal state,It can take months for some patients to recover fully from a serious operation.,"recover from, fully recover, recover quickly",approved
symptom,noun,"a sign of an illness, such as a pain or a high temperature",Feeling tired all the time can be a symptom of a poor diet.,"early symptoms, common symptom, show symptoms",approved
therapy,noun,"treatment for an illness or problem, especially without drugs or surgery",Talking therapy can be very effective for people with anxiety.,"group therapy, talking therapy, undergo therapy",approved
treatment,noun,medical care given to someone who is ill or injured,Some people have to wait months for hospital treatment.,"medical treatment, receive treatment, effective treatment",approved
vaccination,noun,the act of giving someone a substance to protect them from a disease,Vaccination has almost completely wiped out several deadly diseases.,"vaccination programme, mass vaccination, compulsory vaccination",approved
addiction,noun,"a strong need to keep doing or taking something harmful, which is hard to stop",Some experts believe that addiction to smartphones is a growing problem among teenagers.,"addiction to, drug addiction, overcome an addiction",approved
contagious,adjective,(of a disease) easily passed from one person to another by contact,Children with a contagious illness should stay at home until they are well.,"highly contagious, contagious disease, extremely contagious",approved
dietary,adjective,connected with the food that people eat,Poor dietary habits are a major cause of obesity.,"dietary habits, dietary advice, dietary requirements",approved
disability,noun,"a physical or mental condition that limits how a person can move, see, hear or learn",Public buildings should be accessible to people with a disability.,"physical disability, learning disability, people with disabilities",approved
fatigue,noun,a feeling of being extremely tired,Long working hours can lead to fatigue and serious mistakes at work.,"chronic fatigue, mental fatigue, suffer from fatigue",approved
immune,adjective,protected against a disease; also not affected by something,Regular exercise helps to keep the immune system strong.,"immune system, immune to, immune response",approved
medical,adjective,"connected with illness, injury and their treatment",Advances in medical science mean that people are living much longer.,"medical treatment, medical advice, medical care",approved
mortality,noun,the number of deaths in a particular group or period; also the fact that all living things die,Clean water and vaccines have greatly reduced infant mortality.,"infant mortality, mortality rate, high mortality",approved
nutrition,noun,the food you eat and how it affects your health and growth,Good nutrition in early childhood affects a child's development for life.,"good nutrition, poor nutrition, nutrition advice",approved
patient,noun,a person who is receiving medical care,Every patient has the right to know the risks of a treatment.,"hospital patient, treat a patient, patient care",approved
physical,adjective,connected with the body rather than the mind,Schools should give children at least one hour of physical activity every day.,"physical activity, physical health, physical exercise",approved
psychological,adjective,connected with the mind and how it affects behaviour,Losing a job can have a serious psychological effect on a person.,"psychological effect, psychological problems, psychological well-being",approved
rehabilitation,noun,"the process of helping someone return to a normal life after illness, injury, prison or addiction","After a serious injury, patients often need months of rehabilitation.","physical rehabilitation, rehabilitation centre, rehabilitation programme",approved
surgery,noun,medical treatment in which a doctor cuts open the body to repair or remove something,"Thanks to new technology, surgery is safer and faster than ever before.","undergo surgery, heart surgery, cosmetic surgery",approved
transmit,verb,"to pass something, such as a disease or information, from one person or place to another",Mosquitoes can transmit serious diseases such as malaria.,"transmit disease, transmit information, transmit a signal",approved
vulnerable,adjective,"easily hurt or harmed, physically or emotionally",Older people are especially vulnerable during very hot weather.,"vulnerable groups, particularly vulnerable, vulnerable to",approved
wellness,noun,"the state of being healthy in body and mind, especially as an active goal",Some companies now offer wellness programmes to reduce stress among staff.,"wellness programme, health and wellness, wellness industry",approved
community,noun,"the people who live in one area, or a group of people who share something",Local libraries play an important role in bringing the community together.,"local community, sense of community, community centre",approved
culture,noun,"the way of life, beliefs, art and customs of a group of people",Learning a foreign language is the best way to understand another culture.,"local culture, popular culture, culture shock",approved
diversity,noun,a range of many different types of people or things,Diversity in the workplace can lead to more creative ideas.,"cultural diversity, ethnic diversity, celebrate diversity",approved
equality,noun,the situation in which people have the same rights and opportunities,Equal pay for equal work is an essential part of gender equality.,"gender equality, racial equality, equality of opportunity",approved
identity,noun,who or what a person or group is; the qualities that make them different from others,Speaking a local language is an important part of a community's identity.,"cultural identity, national identity, sense of identity",approved
integration,noun,the process of becoming fully part of a group or society,Language classes can help the integration of newcomers into local communities.,"social integration, successful integration, integration into",approved
minority,noun,a smaller group of people that is different from the larger group in a society; less than half of a group,Laws should protect the rights of every minority group.,"ethnic minority, minority group, a small minority",approved
population,noun,all the people living in a particular country or area,An ageing population puts pressure on health and pension systems.,"ageing population, growing population, local population",approved
prejudice,noun,"an unfair opinion or feeling about a person or group, especially one not based on reason or experience",Education is one of the best ways to reduce prejudice against other groups.,"racial prejudice, overcome prejudice, prejudice against",approved
discrimination,noun,"unfair treatment of a person or group because of their race, sex, age or another characteristic",Discrimination against older workers is still common in some industries.,"age discrimination, racial discrimination, discrimination against",approved
social,adjective,connected with society and the way people live together; also connected with meeting people for pleasure,Growing inequality can lead to serious social problems such as crime.,"social inequality, social problems, social media",approved
tradition,noun,"a belief, custom or way of doing something that has existed for a long time","In many families, it is a tradition to eat together on Sundays.","long tradition, family tradition, break with tradition",approved
custom,noun,a traditional way of behaving or doing something in a particular society,It is a local custom to remove your shoes before entering someone's home.,"local custom, ancient custom, follow a custom",approved
heritage,noun,"the history, buildings, traditions and culture of a country or group, valued as important",Old buildings are part of a city's heritage and should be protected.,"cultural heritage, national heritage, heritage site",approved
generation,noun,all the people born and living at about the same time; also the average time between parents and their children,The younger generation is much more comfortable with technology than their grandparents.,"younger generation, older generation, future generations",approved
household,noun,all the people who live together in one home,The average household now owns more electronic devices than ever before.,"household income, household waste, average household",approved
migration,noun,"the movement of people or animals from one place to another, especially to live or work",Migration from rural areas to cities has increased rapidly in developing countries.,"rural-urban migration, mass migration, migration patterns",approved
citizen,noun,a person who legally belongs to a country; also a person who lives in a particular town or city,Every citizen has a duty to obey the law.,"senior citizen, ordinary citizen, law-abiding citizen",approved
cohesion,noun,the state of a group of people being united and working well together,Shared public spaces such as parks can improve social cohesion.,"social cohesion, community cohesion, lack of cohesion",approved
coexist,verb,"to live or exist together at the same time or in the same place, often peacefully","In a modern city, many different cultures can coexist peacefully.","coexist peacefully, coexist with, learn to coexist",approved
conform,verb,to behave in the way most people or rules expect,Teenagers often feel pressure to conform to the opinions of their friends.,"conform to, pressure to conform, refuse to conform",approved
contemporary,adjective,belonging to the present time; modern,Contemporary art is often difficult for the general public to understand.,"contemporary art, contemporary society, contemporary issues",approved
demographic,adjective,"connected with the structure of a population, such as age, sex and income",Low birth rates are causing major demographic changes in many developed countries.,"demographic change, demographic trends, demographic data",approved
domestic,adjective,connected with the home or family; also inside one country rather than international,"In many households, domestic tasks are still not shared equally.","domestic tasks, domestic violence, domestic flights",approved
ethnic,adjective,"connected with a group of people who share a culture, tradition or origin",Cities with many ethnic groups often have a wide variety of food and festivals.,"ethnic groups, ethnic minority, ethnic background",approved
gender,noun,"being male or female, especially in relation to social roles and expectations","Jobs should be offered on the basis of ability, not gender.","gender equality, gender roles, gender gap",approved
globalisation,noun,"the process by which businesses, cultures and economies around the world become more connected",Globalisation has made foreign products cheaper but has also put local businesses under pressure.,"economic globalisation, effects of globalisation, process of globalisation",approved
indigenous,adjective,"belonging to a place naturally, or having lived there from the earliest times",Indigenous languages are disappearing at an alarming rate.,"indigenous people, indigenous culture, indigenous species",approved
marginalised,adjective,treated as unimportant and given little power or influence in society,Free adult education can give marginalised groups a better chance of finding work.,"marginalised groups, marginalised communities, socially marginalised",approved
norm,noun,a usual or accepted way of behaving in a society,Working from home has become the norm for many office workers.,"become the norm, social norm, cultural norm",approved
participation,noun,the act of taking part in an activity or event,Participation in team sports teaches children how to work with others.,"active participation, participation in, encourage participation",approved
poverty,noun,the state of being very poor,Education is one of the most effective ways to escape poverty.,"live in poverty, extreme poverty, reduce poverty",approved
privilege,noun,a special advantage that only some people have; also an honour,"Access to good schools should be a right for all, not a privilege for the rich.","special privilege, a privilege for, privilege and power",approved
residence,noun,the place where someone lives; also the fact of living in a place officially,Students need proof of residence to apply for a local library card.,"place of residence, proof of residence, permanent residence",approved
segregation,noun,"the separation of people into groups, often unfairly, because of race, religion, sex or wealth",Some argue that single-sex schools create unnecessary segregation between boys and girls.,"racial segregation, social segregation, end segregation",approved
societal,adjective,connected with society or the way it is organised,Societal pressure to look perfect can harm young people's self-esteem.,"societal pressure, societal change, societal expectations",approved
stereotype,noun,a fixed and often unfair idea of what a particular type of person or thing is like,Television adverts can reinforce the stereotype that only women do housework.,"reinforce a stereotype, gender stereotype, challenge a stereotype",approved
tolerance,noun,willingness to accept beliefs or behaviour that are different from your own,Meeting people from other backgrounds can increase tolerance and understanding.,"religious tolerance, promote tolerance, zero tolerance",approved
urban,adjective,connected with towns and cities,Urban areas usually offer better job opportunities than the countryside.,"urban areas, urban development, urban life",approved
deprived,adjective,"without enough money, food, education or other things that people need for a good life",Children from deprived backgrounds are less likely to go to university.,"deprived areas, deprived backgrounds, socially deprived",approved
disadvantaged,adjective,having fewer chances to succeed because of poverty or a lack of support,Free school meals help disadvantaged children to concentrate in class.,"disadvantaged groups, disadvantaged children, socially disadvantaged",approved
empower,verb,"to give someone the confidence, power or freedom to do something or control their own life",Education can empower women to become financially independent.,"empower women, empower individuals, empower communities",approved
inclusion,noun,"the act of making sure everyone, including people who are often left out, can take part",Schools should promote the inclusion of children with learning difficulties.,"social inclusion, promote inclusion, digital inclusion",approved
justice,noun,fair treatment of people; also the system of laws and courts,"Everyone, rich or poor, deserves equal access to justice.","social justice, sense of justice, criminal justice system",approved
multicultural,adjective,including people of many different cultures,Growing up in a multicultural city helps children to understand different points of view.,"multicultural society, multicultural city, multicultural community",approved
solidarity,noun,support and agreement among people who share the same aims or problems,"During the floods, local people showed great solidarity with their neighbours.","show solidarity, sense of solidarity, solidarity with",approved
administration,noun,"the work of organising and running a business, school or government; also the people who do this",Too much money in hospitals is spent on administration instead of patient care.,"public administration, school administration, administration costs",approved
authority,noun,the power to make decisions or give orders; also an organisation with official power,Teachers today seem to have less authority in the classroom than in the past.,"local authority, in authority, have authority",approved
bureaucracy,noun,a complicated system of official rules and processes that often causes delays,Too much bureaucracy can stop small businesses from growing.,"reduce bureaucracy, unnecessary bureaucracy, cut through bureaucracy",approved
campaign,noun,"a planned series of activities to achieve a social, political or business aim",A national campaign against drink-driving has saved many lives.,"launch a campaign, public awareness campaign, election campaign",approved
candidate,noun,a person who is trying to be elected or chosen for a job; also a person taking an exam,The best candidate for a job is not always the one with the most qualifications.,"suitable candidate, strong candidate, job candidate",approved
constitution,noun,the set of basic laws and principles by which a country is governed,"In some countries, free speech is protected by the constitution.","written constitution, under the constitution, change the constitution",approved
democracy,noun,a system of government in which people choose their leaders by voting,A free press is essential for a healthy democracy.,"in a democracy, healthy democracy, parliamentary democracy",approved
election,noun,a time when people vote to choose someone for an official position,Young people should be encouraged to vote in every election.,"general election, win an election, hold an election",approved
govern,verb,"to officially control and run a country, city or organisation",Leaders who govern without listening to the public soon lose their support.,"govern a country, govern effectively, right to govern",approved
minister,noun,a senior member of a government who is in charge of a department,The health minister announced extra funding for local hospitals.,"government minister, health minister, prime minister",approved
parliament,noun,the group of elected people who make the laws of a country,Every new law must be debated and approved by parliament.,"member of parliament, pass through parliament, in parliament",approved
policy,noun,"a plan of action agreed by a government, business or organisation",Governments should introduce a clear policy on the use of plastic packaging.,"government policy, introduce a policy, policy on",approved
politician,noun,"a person whose job is in politics, especially an elected member of a government",Every politician should be honest about what their promises will cost.,"local politician, elected politician, career politician",approved
regulation,noun,an official rule; also the control of an activity by rules,Stricter regulations on food advertising could help reduce childhood obesity.,"strict regulations, government regulation, safety regulations",approved
reform,noun,a change made to a system or law to improve it,Many experts argue that the tax system is in urgent need of reform.,"education reform, radical reform, carry out reforms",approved
representative,noun,a person chosen to speak or act for another person or group,Students should be able to elect representatives to share their views with the school.,"elected representative, student representative, sales representative",approved
taxation,noun,the system of collecting money from people and businesses to pay for public services,Higher taxation of sugary drinks could encourage healthier choices.,"high taxation, system of taxation, progressive taxation",approved
transparency,noun,"the quality of being open and honest, so that people can see how decisions are made",Greater transparency in public spending helps to build trust in local councils.,"lack of transparency, greater transparency, financial transparency",approved
accountability,noun,the fact of being responsible for your actions and having to explain them,There should be more accountability when public money is wasted.,"public accountability, lack of accountability, ensure accountability",approved
amend,verb,"to make small changes to a law, document or statement to improve it",Lawmakers may need to amend old laws to deal with new technology.,"amend a law, amend the constitution, substantially amended",approved
budget,noun,"the amount of money a person, organisation or government has to spend, and the plan for how to spend it",Schools often have to make difficult choices because of limited budgets.,"tight budget, education budget, cut the budget",approved
cabinet,noun,the group of the most senior ministers who make important government decisions; also a cupboard,The decision to raise the retirement age was discussed by the cabinet for months.,"cabinet minister, cabinet meeting, cabinet decision",approved
corruption,noun,"dishonest or illegal behaviour by people in power, such as taking money in return for favours",Corruption reduces public trust and wastes money meant for schools and hospitals.,"tackle corruption, widespread corruption, accused of corruption",approved
diplomacy,noun,the work of managing relationships between countries; also skill in dealing with people politely,Many international disputes can be solved through diplomacy rather than conflict.,"international diplomacy, through diplomacy, tact and diplomacy",approved
governance,noun,"the way that a country, organisation or company is controlled and run",Good governance depends on clear rules and honest leaders.,"good governance, corporate governance, global governance",approved
ideology,noun,"a set of beliefs and ideas, especially ones that a political or economic system is based on","Decisions about public health should be based on evidence, not ideology.","political ideology, dominant ideology, based on ideology",approved
implement,verb,"to put a plan, policy or decision into action",New recycling rules are only useful if councils implement them properly.,"implement a policy, implement changes, successfully implement",approved
institution,noun,"a large, important organisation such as a university, bank or hospital",Universities and museums are important cultural institutions in any city.,"financial institution, educational institution, public institution",approved
jurisdiction,noun,the official power to make legal decisions; also the area where this power applies,Crimes committed online often happen across several jurisdictions at once.,"under the jurisdiction of, within the jurisdiction, legal jurisdiction",approved
law,noun,"an official rule, or the whole system of rules, that people in a country must obey",Stricter laws on mobile phone use while driving could save many lives.,"break the law, obey the law, introduce a law",approved
opposition,noun,strong disagreement with a plan or idea; also the main political party not in government,The plan to close the local hospital met strong opposition from residents.,"strong opposition, face opposition, opposition to",approved
protest,noun,a public event or statement showing strong disagreement with something,Large crowds joined peaceful protests against the new airport.,"peaceful protest, street protest, in protest at",approved
public sector,noun,"the part of the economy run or paid for by the government, such as state schools and hospitals",Nurses and teachers in the public sector often earn less than private-sector workers.,"public sector workers, public sector jobs, public sector pay",approved
revenue,noun,"money that a government receives from taxes, or that a business receives from sales",Tourism provides valuable revenue for many island nations.,"tax revenue, generate revenue, source of revenue",approved
sanction,noun,an official action or penalty taken against a country or person that breaks rules,Economic sanctions can harm ordinary citizens more than their leaders.,"impose sanctions, economic sanctions, lift sanctions",approved
subsidy,noun,money paid by a government to lower the cost of a product or service,Government subsidies for solar panels have made them far more affordable.,"government subsidy, farm subsidies, receive a subsidy",approved
voter,noun,"a person who votes, or who has the right to vote, in an election",Young voters are often less likely to take part in elections.,"young voters, voter turnout, undecided voter",approved
centralise,verb,to bring the control of something under one central authority,Some argue that it is more efficient to centralise healthcare services in large hospitals.,"centralise power, highly centralised, centralise control",approved
decentralise,verb,to move power or control from a central authority to smaller local ones,"Many countries have decentralised the control of schools, giving local councils more power.","decentralise power, decentralised system, decentralise decision-making",approved
electorate,noun,all the people in a country or area who have the right to vote,Older people make up a growing share of the electorate in many countries.,"the electorate, young electorate, appeal to the electorate",approved
legitimate,adjective,allowed by law or rules; also fair and reasonable,Parents have a legitimate concern about the amount of time children spend online.,"legitimate concern, legitimate reason, perfectly legitimate",approved
mandatory,adjective,required by law or a rule; compulsory,"In some countries, voting is mandatory for all adult citizens.","mandatory for, mandatory requirement, make it mandatory",approved
municipal,adjective,connected with the local government of a town or city,Municipal libraries offer free internet access to people who cannot afford it.,"municipal council, municipal services, municipal elections",approved
political,adjective,"connected with government, public affairs, or the parties that try to gain power",Teachers should avoid sharing their own political views with pupils.,"political views, political party, political system",approved
provision,noun,"the act of supplying something that people need, such as services or equipment",The provision of free school meals can improve pupils' concentration.,"provision of, healthcare provision, adequate provision",approved
afford,verb,to have enough money or time to buy or do something,Many young people can no longer afford to buy a home in the city where they work.,"can afford, can't afford to, afford the cost",approved
commerce,noun,"the activity of buying and selling goods and services, especially on a large scale",The growth of online commerce has forced many high-street shops to close.,"online commerce, international commerce, chamber of commerce",approved
consumer,noun,a person who buys goods or services for their own use,Consumers are increasingly willing to pay more for ethical products.,"consumer demand, consumer rights, consumer spending",approved
corporation,noun,a large company or group of companies,Large corporations should pay their fair share of tax in every country where they operate.,"multinational corporation, large corporations, global corporation",approved
economic,adjective,"connected with trade, industry and the way money is produced and used in a country",Tourism can bring strong economic growth to poorer regions.,"economic growth, economic development, economic crisis",approved
economy,noun,"the system by which a country produces and uses goods, services and money",Small businesses play an essential role in the local economy.,"global economy, strong economy, boost the economy",approved
employment,noun,the situation of having paid work; also the number of people who have jobs,New factories bring much-needed employment to rural areas.,"full-time employment, employment opportunities, find employment",approved
enterprise,noun,a company or business; also the ability to think of new projects and make them succeed,Small and medium-sized enterprises create most new jobs in many countries.,"small enterprises, private enterprise, spirit of enterprise",approved
finance,noun,the management of money; also money provided for a project,Young people should learn basic personal finance at school.,"personal finance, public finance, raise finance",approved
inflation,noun,"a general rise in prices over time, so that money buys less",High inflation makes it harder for families to pay for basic needs.,"high inflation, rate of inflation, control inflation",approved
investment,noun,"the use of money to buy something, or to fund something, in order to gain a profit or benefit later",Investment in public transport benefits both the economy and the environment.,"foreign investment, long-term investment, investment in",approved
trade,noun,"the activity of buying and selling goods, especially between countries",International trade allows consumers to buy products from all over the world.,"international trade, free trade, trade agreement",approved
wealth,noun,a large amount of money or valuable possessions,The gap in wealth between the richest and poorest is growing in many countries.,"distribution of wealth, create wealth, accumulate wealth",approved
capital,noun,money used to start or grow a business; also the city where a country's government is,It is hard for young entrepreneurs to raise enough capital to start a business.,"raise capital, investment capital, capital city",approved
competitive,adjective,involving competition; also good enough to succeed against others,The job market for graduates has become extremely competitive.,"highly competitive, competitive market, competitive advantage",approved
contract,noun,a written legal agreement between two or more people or organisations,Workers on short-term contracts often have little job security.,"sign a contract, short-term contract, employment contract",approved
demand,noun,the need or desire of people to buy goods or services,There is growing demand for electric cars in many countries.,"high demand, growing demand, demand for",approved
export,noun,"a product sold to another country, or the business of selling goods abroad",Coffee is one of the country's most valuable exports.,"main exports, export market, boost exports",approved
import,verb,to bring goods into a country from abroad in order to sell them,Island nations often have to import most of their food.,"import goods, imported products, import from",approved
income,noun,"the money that a person or organisation receives from work, investments or business",Families on a low income spend a larger share of their money on food.,"low income, household income, source of income",approved
industry,noun,the production of goods in factories; also all the businesses in a particular area of work,The tourism industry employs a huge number of people around the world.,"tourism industry, manufacturing industry, heavy industry",approved
labour,noun,"work, especially physical work; also the people who do it",Cheap labour attracts many manufacturers to developing countries.,"cheap labour, manual labour, labour market",approved
manufacture,verb,"to make goods in large quantities, usually in a factory",Most smartphones are manufactured using materials from many different countries.,"manufacture goods, locally manufactured, manufactured in",approved
monopoly,noun,complete control of a market or service by one company,"When one company has a monopoly, consumers often pay higher prices.","have a monopoly, virtual monopoly, state monopoly",approved
retail,noun,"the business of selling goods directly to the public, usually in shops",Jobs in retail are increasingly threatened by online shopping.,"retail sector, retail sales, work in retail",approved
sector,noun,a particular part of a country's economy or society,The technology sector offers some of the highest salaries for young graduates.,"private sector, technology sector, service sector",approved
supply,noun,an amount of something that is available to use; also the act of providing it,A reliable supply of clean water is essential for any growing city.,"supply of, water supply, in short supply",approved
transaction,noun,"a piece of business, such as buying or selling something, especially involving money","In some countries, most transactions are now made by phone rather than with cash.","online transactions, financial transaction, cash transaction",approved
wage,noun,"an amount of money paid to a worker, usually weekly or per hour",Raising the minimum wage could help many families escape poverty.,"minimum wage, low wages, wage increase",approved
bankruptcy,noun,the state of being officially unable to pay your debts,Rising costs pushed many small restaurants into bankruptcy.,"face bankruptcy, declare bankruptcy, on the brink of bankruptcy",approved
cost-effective,adjective,giving good results for the amount of money spent,Insulating homes is one of the most cost-effective ways to cut energy use.,"highly cost-effective, cost-effective solution, cost-effective way",approved
financial,adjective,connected with money and how it is managed,Many students face serious financial pressure while studying.,"financial support, financial crisis, financial independence",approved
growth,noun,"an increase in size, amount or importance",Rapid population growth puts pressure on housing and services.,"economic growth, rapid growth, population growth",approved
interest,noun,"money paid for borrowing money, or received for saving it; also a feeling of wanting to know about something",Many students worry about paying interest on their loans for years after graduating.,"interest rate, pay interest, take an interest in",approved
retention,noun,"the act of keeping something, such as staff, customers or information",Flexible working hours can improve staff retention.,"staff retention, customer retention, retention rate",approved
startup,noun,"a new, small business, especially one in technology",Many young graduates now prefer to work for startups rather than large companies.,"tech startup, launch a startup, startup company",approved
strategy,noun,a careful plan for achieving a goal over a long period,Governments need long-term strategies to deal with an ageing population.,"long-term strategy, effective strategy, develop a strategy",approved
workplace,noun,"the place where people work, such as an office or factory",Discrimination in the workplace is still a problem in many industries.,"in the workplace, workplace safety, modern workplace",approved
criminal,noun,a person who has committed a crime,Prison alone rarely turns criminals into law-abiding citizens.,"dangerous criminals, convicted criminal, career criminal",approved
legal,adjective,allowed by law; also connected with the law,"In some countries, it is legal to drive before you are old enough to vote.","legal system, legal action, legal advice",approved
offence,noun,an illegal act; a crime,Driving while using a mobile phone is a serious offence in many countries.,"commit an offence, serious offence, criminal offence",approved
punishment,noun,a penalty given to someone for doing something wrong or illegal,Harsher punishments do not always reduce crime rates.,"harsh punishment, severe punishment, capital punishment",approved
sentence,noun,the punishment given by a judge to someone who is found guilty,Some argue that long prison sentences make reoffending more likely.,"prison sentence, life sentence, serve a sentence",approved
victim,noun,"a person who has been harmed, injured or killed because of a crime, accident or disaster",Victims of crime often need emotional as well as practical support.,"victims of crime, innocent victim, fall victim to",approved
witness,noun,a person who sees a crime or accident and can describe what happened,Witnesses may be afraid to speak to the police if they fear revenge.,"key witness, witness statement, witness to the crime",approved
evidence,noun,facts or information that show whether something is true,There is strong evidence that regular exercise improves mental health.,"strong evidence, scientific evidence, evidence suggests",approved
fraud,noun,the crime of tricking people to get money or goods illegally,Online fraud is rising as more people shop and bank on the internet.,"online fraud, commit fraud, victim of fraud",approved
theft,noun,the crime of stealing,Bicycle theft is a common problem in large cities.,"car theft, identity theft, petty theft",approved
violence,noun,"physical force used to hurt or kill people, or to damage things",Some people believe that violent video games can lead to real violence.,"act of violence, gun violence, use violence",approved
deterrent,noun,"something that makes people decide not to do something, because of what might happen",Heavy fines can act as an effective deterrent to dangerous driving.,"act as a deterrent, effective deterrent, deterrent to",approved
convict,verb,to officially decide in court that someone is guilty of a crime,People convicted of minor crimes could do community work instead of going to prison.,"convicted of, wrongly convicted, convict someone of",approved
defendant,noun,the person in a court case who is accused of a crime,Every defendant has the right to a fair trial.,"the defendant, defendant's lawyer, acquit the defendant",approved
prosecution,noun,the act of taking legal action against someone accused of a crime; also the lawyers who do this,The threat of prosecution can stop companies from polluting rivers.,"face prosecution, criminal prosecution, case for the prosecution",approved
investigation,noun,"a careful examination to discover the truth about something, especially a crime",The police launched an investigation into the cause of the fire.,"police investigation, launch an investigation, under investigation",approved
penalty,noun,"a punishment for breaking a law or rule, such as a fine",Penalties for littering should be much higher.,"heavy penalties, maximum penalty, impose a penalty",approved
offender,noun,a person who has committed a crime,Young offenders are more likely to change if they receive education in prison.,"young offenders, repeat offender, first-time offender",approved
juvenile,adjective,"connected with young people who are not yet adults, especially in relation to crime",Juvenile crime is often linked to boredom and a lack of local facilities.,"juvenile crime, juvenile offenders, juvenile court",approved
cybercrime,noun,crime committed using computers or the internet,Cybercrime costs businesses huge sums of money every year.,"tackle cybercrime, victim of cybercrime, rise in cybercrime",approved
domestic violence,noun,"violent behaviour by one person towards another in their home, usually a partner or family member",Victims of domestic violence need safe places to go.,"victims of domestic violence, tackle domestic violence, domestic violence cases",approved
enforcement,noun,the act of making sure that laws or rules are obeyed,Laws against speeding are useless without proper enforcement.,"law enforcement, strict enforcement, enforcement of",approved
innocent,adjective,not guilty of a crime; also not deserving harm,It is better to let a guilty person go free than to punish someone who is innocent.,"presumed innocent, innocent people, innocent victims",approved
misconduct,noun,"bad or unacceptable behaviour, especially by a professional person",Doctors found guilty of serious misconduct can lose their licence to practise.,"professional misconduct, serious misconduct, gross misconduct",approved
prosecute,verb,to officially accuse someone of a crime in a court of law,Companies that dump waste illegally should be prosecuted.,"be prosecuted for, prosecute offenders, decide to prosecute",approved
security,noun,protection against danger or crime; also the feeling of being safe,Airport security has become much stricter in recent decades.,"airport security, national security, job security",approved
testimony,noun,"a formal statement saying something is true, especially one made in a court of law",The witness's testimony helped to prove the man's innocence.,"give testimony, sworn testimony, expert testimony",approved
verdict,noun,the official decision of a court about whether someone is guilty,The jury took several days to reach a verdict.,"reach a verdict, guilty verdict, deliver a verdict",approved
bail,noun,money paid to a court so that an accused person can stay out of prison until their trial,Suspects charged with minor offences are usually released on bail.,"released on bail, grant bail, refuse bail",approved
custody,noun,"the state of being kept in prison, especially before a trial; also the legal right to look after a child",The suspect was held in custody until the trial began.,"in custody, police custody, custody of",approved
defence,noun,"the act of protecting someone or something from attack; in court, the case made for the accused person",Everyone accused of a crime has the right to a proper legal defence.,"legal defence, in defence of, national defence",approved
imprisonment,noun,the punishment of being kept in prison,"For non-violent crimes, community service may be more useful than imprisonment.","life imprisonment, term of imprisonment, face imprisonment",approved
juror,noun,"a member of a jury, the group of ordinary people who decide whether someone is guilty in court",Jurors must ignore anything they have read about the case in the media.,"serve as a juror, potential juror, impartial juror",approved
trial,noun,the process in a court of law where a judge and jury decide if someone is guilty; also a test of something new,Every accused person deserves a fair trial.,"fair trial, stand trial, on trial",approved
congestion,noun,a situation in which roads are so full of traffic that vehicles move very slowly,A charge for driving in the city centre could reduce congestion.,"traffic congestion, reduce congestion, congestion charge",approved
fare,noun,"the money you pay to travel on a bus, train, plane or taxi",Lower bus fares would encourage more people to leave their cars at home.,"bus fare, train fare, cheap fares",approved
pedestrian,noun,"a person who is walking, especially in a street or town",Wider pavements would make city centres safer for pedestrians.,"pedestrian crossing, pedestrian zone, safe for pedestrians",approved
public transport,noun,"buses, trains and other services that everyone can use for a fare",Cheaper public transport would reduce the number of cars on the road.,"use public transport, invest in public transport, reliable public transport",approved
vehicle,noun,"a machine with an engine, such as a car, bus or lorry, used to carry people or goods",The number of vehicles on our roads has risen sharply in recent decades.,"motor vehicle, private vehicles, commercial vehicle",approved
affordable,adjective,cheap enough for most people to pay for,Train travel should be made more affordable than flying for short journeys.,"affordable price, more affordable, affordable option",approved
carbon emission,noun,"carbon dioxide released into the air, for example by cars, factories or power stations",Replacing short flights with train journeys would cut carbon emissions.,"reduce carbon emissions, cut carbon emissions, carbon emissions target",approved
mobility,noun,the ability to move or travel easily; also the ability to change jobs or social position,Good public transport improves the mobility of elderly people who cannot drive.,"social mobility, reduced mobility, improve mobility",approved
route,noun,the way or roads you take to get from one place to another; a fixed path for a bus or plane,Bus routes should connect new housing estates to the town centre.,"bus route, main route, alternative route",approved
urban planning,noun,"the work of deciding how land in towns and cities is used and how buildings, roads and services are arranged",Good urban planning makes it easy for people to walk to shops and schools.,"careful urban planning, poor urban planning, urban planning policy",approved
aviation,noun,the business or activity of flying aircraft,The aviation industry has grown quickly as flying has become cheaper.,"aviation industry, civil aviation, aviation fuel",approved
car sharing,phrase,an arrangement in which people who are going to the same place travel together in one car,Car sharing reduces both traffic and the cost of travelling to work.,"car sharing scheme, encourage car sharing, car sharing app",approved
cycle lane,noun,a part of a road or path marked for people riding bicycles,More people would cycle to work if cities built safe cycle lanes.,"build cycle lanes, separate cycle lane, protected cycle lane",approved
destination,noun,the place someone or something is going to,Cheap flights have turned small towns into popular tourist destinations.,"tourist destination, popular destination, final destination",approved
motorway,noun,a wide road built for fast travel over long distances,Building another motorway would only encourage more people to drive.,"build a motorway, busy motorway, motorway network",approved
transit,noun,the process of moving people or goods from one place to another; also public transport,Goods can be damaged in transit if they are not packed properly.,"in transit, mass transit, transit system",approved
commuter,noun,a person who travels regularly between home and work,Commuters in big cities can spend hours every day travelling.,"daily commuters, commuter train, commuter belt",approved
electric vehicle,noun,"a car, bus or other vehicle that runs on electricity instead of petrol or diesel",Governments should build more charging points to encourage people to buy electric vehicles.,"buy an electric vehicle, switch to electric vehicles, electric vehicle charging",approved
maintenance,noun,"the work of keeping something, such as a road or building, in good condition",Many old bridges need urgent maintenance.,"road maintenance, regular maintenance, maintenance costs",approved
road safety,noun,the prevention of accidents and injuries on roads,Schools should teach young children about road safety.,"improve road safety, road safety campaign, road safety measures",approved
terminal,noun,"a building at an airport, port or station where passengers arrive and leave",The airport plans to build a new terminal to cope with rising passenger numbers.,"airport terminal, ferry terminal, bus terminal",approved
toll,noun,money paid to use a road or bridge; also the number of people killed or harmed by something,Some cities charge a toll to drive into the centre at busy times.,"toll road, pay a toll, death toll",approved
walkway,noun,"a path for people to walk along, often raised or covered",Covered walkways make it easier for people to walk between stations in bad weather.,"covered walkway, pedestrian walkway, raised walkway",approved
accommodation,noun,"a place to live or stay, such as a flat, house or hotel room",Finding affordable student accommodation is a major problem in many university cities.,"student accommodation, rented accommodation, find accommodation",approved
architecture,noun,the design of buildings; also the style of buildings in a place,Modern architecture can sometimes look out of place in historic town centres.,"modern architecture, traditional architecture, school of architecture",approved
construction,noun,"the work of building houses, roads, bridges and other structures",The construction of a new stadium caused years of disruption for local people.,"under construction, construction industry, construction site",approved
district,noun,"a particular area of a town, city or country",The business district is crowded during the day but empty at night.,"business district, shopping district, residential district",approved
housing,noun,"buildings for people to live in, considered as a group",Governments must build more housing for young families.,"social housing, housing market, housing costs",approved
neighbourhood,noun,"a part of a town or city where people live, and the people who live there",Children are healthier when they grow up in neighbourhoods with green spaces.,"local neighbourhood, quiet neighbourhood, safe neighbourhood",approved
property,noun,a building or piece of land; also things that someone owns,Property prices in the capital are now far beyond the reach of most young workers.,"property prices, private property, property market",approved
residential,adjective,(of an area) made up mainly of homes rather than shops or offices,Lorries should not be allowed to drive through residential areas at night.,"residential area, residential street, residential property",approved
amenity,noun,"something in a place that makes life more comfortable or pleasant, such as a park, shop or library",New housing developments should include local amenities such as schools and clinics.,"local amenities, basic amenities, public amenities",approved
commercial,adjective,"connected with buying and selling, or done mainly to make money",Too many commercial buildings in the city centre are standing empty.,"commercial property, commercial district, commercial success",approved
development,noun,the process of growing or improving; also a new area of buildings,The government should support the development of renewable energy.,"economic development, sustainable development, housing development",approved
city centre,noun,"the main central part of a town or city, where most shops and offices are",Many people would rather live near the city centre than travel in from the suburbs every day.,"in the city centre, busy city centre, city centre shops",approved
landlord,noun,"a person or company that rents out a house, flat or building to someone","Some landlords charge very high rents for small, poorly maintained flats.","private landlord, landlord and tenant, rent from a landlord",approved
tenant,noun,a person who pays rent to live in or use a building,Tenants should have more protection against sudden rent increases.,"private tenants, rights of tenants, protect tenants",approved
suburb,noun,"an area where people live on the edge of a city, away from the centre",Many families move to the suburbs to find bigger homes and gardens.,"live in the suburbs, outer suburbs, quiet suburb",approved
skyscraper,noun,a very tall modern building in a city,Building skyscrapers is one way to house more people on less land.,"modern skyscraper, tallest skyscraper, build a skyscraper",approved
affordable housing,noun,homes that people on low or average incomes can afford to rent or buy,Every new development should include a share of affordable housing.,"provide affordable housing, lack of affordable housing, shortage of affordable housing",approved
convenient,adjective,"easy to use or reach, and suitable for your needs","Online shopping is convenient, but it is harming local shops.","convenient location, more convenient, convenient for",approved
expansion,noun,the process of becoming larger or more extensive,The rapid expansion of cities often destroys valuable farmland.,"rapid expansion, urban expansion, expansion of",approved
facility,noun,"a building, piece of equipment or service provided for a particular purpose",Every town should have good sports facilities for young people.,"sports facilities, leisure facilities, public facilities",approved
industrial,adjective,connected with industry and factories,Old industrial sites can be turned into parks and new homes.,"industrial area, industrial waste, industrial revolution",approved
metropolitan,adjective,connected with a large city and the area around it,The metropolitan area is now home to more people than many entire countries.,"metropolitan area, metropolitan city, greater metropolitan area",approved
population density,noun,"the number of people living in a particular area, such as per square kilometre",Cities with high population density need excellent public transport.,"high population density, low population density, increase in population density",approved
renovation,noun,the work of repairing and improving an old building,The renovation of empty buildings is often cheaper than building new ones.,"major renovation, under renovation, renovation work",approved
rural,adjective,connected with the countryside rather than towns and cities,Young people often leave rural areas because there are few jobs.,"rural areas, rural communities, rural life",approved
spacious,adjective,having a lot of space inside,Houses in the countryside tend to be more spacious than city flats.,"spacious rooms, spacious home, bright and spacious",approved
vacancy,noun,an unfilled job; also an empty room in a hotel,"There are many vacancies in nursing, but not enough trained staff to fill them.","job vacancies, fill a vacancy, advertise a vacancy",approved
zoning,noun,"the official system of deciding which areas of a town are used for homes, shops, offices or factories",Strict zoning laws can make it difficult to build new homes near city centres.,"zoning laws, zoning rules, zoning regulations",approved
community centre,noun,a building where people in a local area can meet and take part in activities,The local community centre runs free language classes for newcomers.,"local community centre, run a community centre, at the community centre",approved
estate,noun,a large area of houses built together; also all the property a person leaves when they die,Many large housing estates were built quickly decades ago and now need repair.,"housing estate, industrial estate, council estate",approved
housing shortage,noun,a situation in which there are not enough homes for the people who need them,A serious housing shortage pushes up rents in most large cities.,"severe housing shortage, ease the housing shortage, tackle the housing shortage",approved
locality,noun,"a particular area or neighbourhood, especially the one around a place",Schools should reflect the needs of the locality they serve.,"in the locality, immediate locality, surrounding locality",approved
municipality,noun,a town or city with its own local government; also that local government,Each municipality is responsible for collecting rubbish from homes.,"local municipality, small municipalities, municipality of",approved
overcrowded,adjective,with too many people or things in a space,Overcrowded trains make commuting stressful and uncomfortable.,"overcrowded cities, overcrowded classrooms, severely overcrowded",approved
planning,noun,the act of deciding how something will be done; also controlling how land is used,Careful planning is needed before a new town can be built.,"careful planning, town planning, planning permission",approved
public space,noun,"an area, such as a park, square or library, that everyone can use",Parks and squares are vital public spaces where people from different backgrounds meet.,"green public spaces, shared public space, create public spaces",approved
redevelopment,noun,the process of changing an area by building new buildings or repairing old ones,The redevelopment of the old docks has brought new jobs to the area.,"urban redevelopment, redevelopment project, redevelopment of",approved
settlement,noun,a place where people have come to live; also an official agreement that ends a dispute,Many settlements along the coast are threatened by rising sea levels.,"human settlement, rural settlement, reach a settlement",approved
career,noun,"the series of jobs a person has in their working life, usually in one profession",Many people now change their career several times during their working lives.,"career change, career path, successful career",approved
occupation,noun,a job or profession,Nursing is one of the most respected occupations in society.,"main occupation, skilled occupations, state your occupation",approved
profession,noun,"a type of job that needs special training and education, such as medicine or law",Teaching is a demanding profession that deserves better pay.,"medical profession, teaching profession, enter a profession",approved
employee,noun,a person who is paid to work for a person or company,Happy employees are usually more productive.,"full-time employee, permanent employee, employee benefits",approved
employer,noun,a person or company that pays people to work for them,Employers increasingly value communication skills as much as qualifications.,"large employer, potential employer, employer and employee",approved
promotion,noun,a move to a higher position or rank in a job; also activity to advertise a product,Some workers stay in the same company for years in the hope of a promotion.,"get a promotion, job promotion, promotion prospects",approved
expertise,noun,special skill or knowledge in a particular subject,Older workers have expertise that companies cannot afford to lose.,"technical expertise, professional expertise, level of expertise",approved
leadership,noun,the ability to guide and inspire a group; also the position of leader,Team sports can help young people develop leadership skills.,"strong leadership, leadership skills, under the leadership of",approved
management,noun,the control and organisation of a business or other organisation; also the people who do it,Poor management is one of the main reasons that staff leave a company.,"senior management, good management, time management",approved
responsibility,noun,a duty to deal with or take care of something,Parents and teachers share the responsibility for a child's education.,"take responsibility for, sense of responsibility, shared responsibility",approved
recruitment,noun,the process of finding new people to join a company or organisation,The recruitment of nurses from overseas has helped to fill staff shortages.,"staff recruitment, recruitment process, graduate recruitment",approved
applicant,noun,"a person who formally asks for something, especially a job or a place at university",Popular universities receive far more applicants than they have places.,"job applicants, successful applicant, suitable applicant",approved
apprenticeship,noun,a period of training in which a young person learns a skill from an experienced worker while being paid,Apprenticeships offer a valuable alternative to university for many school leavers.,"do an apprenticeship, apprenticeship scheme, offer apprenticeships",approved
deadline,noun,a time or date by which something must be done,Tight deadlines can make employees feel stressed.,"meet a deadline, tight deadline, miss a deadline",approved
flexible,adjective,able to change easily to suit different situations,Flexible working hours help parents to balance work and family life.,"flexible working, flexible hours, highly flexible",approved
job satisfaction,noun,the feeling of pleasure and achievement that comes from your work,"For many people, job satisfaction matters more than a high salary.","high job satisfaction, lack of job satisfaction, improve job satisfaction",approved
motivation,noun,"the feeling of wanting to do something, or the reason for doing it",Praise from teachers can greatly increase a pupil's motivation.,"lack of motivation, high motivation, motivation to",approved
professional,adjective,connected with a job that needs special training; also doing something to a high standard,Doctors must keep up to date through regular professional training.,"professional development, professional advice, highly professional",approved
retirement,noun,"the time when someone stops working, usually because of their age",Many people now continue to work part-time after retirement.,"early retirement, retirement age, in retirement",approved
specialist,noun,a person who has a lot of knowledge or skill in a particular area,Patients may wait months to see a specialist.,"medical specialist, leading specialist, specialist in",approved
supervisor,noun,a person whose job is to watch and direct the work of other people,A good supervisor gives staff clear instructions and regular feedback.,"line supervisor, immediate supervisor, report to a supervisor",approved
teamwork,noun,working together with other people effectively as a group,Group projects at school help children to learn teamwork.,"good teamwork, effective teamwork, encourage teamwork",approved
unemployed,adjective,without a paid job but able to work,Retraining programmes can help unemployed adults find new careers.,"long-term unemployed, unemployed people, become unemployed",approved
work-life balance,noun,"the amount of time spent working compared with time spent on family, friends and personal life",Working from home has improved the work-life balance of many parents.,"healthy work-life balance, achieve a work-life balance, poor work-life balance",approved
adaptability,noun,the ability to change or adjust to new situations,"In a fast-changing job market, adaptability is one of the most valuable skills.","show adaptability, flexibility and adaptability, adaptability to",approved
collaboration,noun,the act of working together with others to produce or achieve something,Scientific progress often depends on collaboration between countries.,"close collaboration, in collaboration with, international collaboration",approved
commitment,noun,willingness to give your time and energy to something; also a promise to do something,Learning a musical instrument requires years of commitment.,"strong commitment, long-term commitment, commitment to",approved
dedication,noun,the hard work and effort someone gives to something because they think it is important,Nurses show great dedication by working long and difficult shifts.,"hard work and dedication, total dedication, dedication to",approved
initiative,noun,the ability to decide what to do without being told; also a new plan to solve a problem,Employers want staff who take the initiative instead of waiting for instructions.,"take the initiative, show initiative, government initiative",approved
performance,noun,"how well a person, company or machine does something; also a show such as a play or concert",Regular feedback can improve the performance of both students and staff.,"academic performance, job performance, improve performance",approved
resign,verb,to officially leave your job,Many teachers resign early in their careers because of stress and workload.,"resign from, decide to resign, be forced to resign",approved
advertisement,noun,"a picture, short film or piece of text that tries to persuade people to buy something",Advertisements for junk food should not be shown during children's programmes.,"television advertisement, place an advertisement, online advertisement",approved
broadcast,verb,to send out a programme on television or radio,Major sports events are now often broadcast only on paid channels.,"broadcast live, broadcast a programme, widely broadcast",approved
celebrity,noun,"a famous person, especially in entertainment or sport",Young people often copy the lifestyle of their favourite celebrity without thinking about the cost.,"celebrity culture, become a celebrity, celebrity endorsement",approved
content,noun,"the information, videos, pictures or writing on a website, programme or other media",Social media companies should do more to remove harmful content from their platforms.,"online content, harmful content, create content",approved
journalism,noun,"the work of collecting and writing news for newspapers, magazines, television or websites",Good journalism helps the public understand what is happening in their country.,"investigative journalism, quality journalism, career in journalism",approved
media,noun,"television, radio, newspapers and the internet, considered as ways of giving information to the public",The media can shape how people see problems such as crime and poverty.,"the mass media, media coverage, news media",approved
press,noun,"newspapers and magazines, and the journalists who work for them",A free press is essential in any democracy.,"free press, freedom of the press, the national press",approved
publication,noun,"the act of printing a book, article or report so that the public can read it; also something that is published",Scientists must wait months for their research to be checked before publication.,"publication of, publication date, academic publication",approved
social media,noun,"websites and apps that people use to share messages, photos and videos with others",Many teenagers spend several hours a day on social media.,"use social media, on social media, social media platforms",approved
audience,noun,"the people who watch, listen to or read something",Online news sites now reach a much larger audience than printed newspapers.,"wide audience, target audience, live audience",approved
bias,noun,"an unfair preference for or against one person, group or idea",Readers should compare several news sources to recognise bias in reporting.,"political bias, gender bias, bias against",approved
coverage,noun,the reporting of a particular event or subject in the news,Sport receives far more coverage in the news than science or the arts.,"media coverage, news coverage, extensive coverage",approved
credible,adjective,able to be believed or trusted,Students should learn to tell the difference between credible and unreliable websites.,"credible source, credible evidence, highly credible",approved
editor,noun,"a person who decides what goes into a newspaper, magazine or book, and who checks and corrects the writing",Newspaper editors have a duty to check that stories are true before they are printed.,"newspaper editor, chief editor, letter to the editor",approved
headline,noun,"the title of a newspaper story, printed in large letters; also (plural) the main news stories",Many readers only look at the headline and never read the full article.,"front-page headline, make headlines, misleading headline",approved
journalist,noun,"a person whose job is to collect and write news for newspapers, magazines, radio, television or websites",Journalists should be able to report on the government without fear.,"investigative journalist, freelance journalist, foreign journalist",approved
misinformation,noun,"false or wrong information, especially when it is spread by people who do not know it is false",Misinformation can spread quickly on social media because people share posts without checking them.,"spread misinformation, tackle misinformation, online misinformation",approved
propaganda,noun,"information, often false or one-sided, used to persuade people to support a political idea or group","During wartime, governments have often used propaganda to keep public support.","political propaganda, wartime propaganda, propaganda campaign",approved
rumour,noun,a story that is passed from person to person but may not be true,A rumour can spread around a school in a matter of hours.,"spread a rumour, false rumour, rumours about",approved
source,noun,"a person, document or place that gives you information; also where something comes from",Journalists must protect the identity of their sources.,"reliable source, news source, source of information",approved
subscribe,verb,"to pay regularly to receive a service such as a newspaper, magazine or streaming channel",Fewer young people subscribe to printed newspapers than in the past.,"subscribe to a newspaper, subscribe to a channel, subscribe online",approved
viral,adjective,"(of a video, image or story) spread very quickly online because many people share it",A funny video can go viral and be seen around the world in a single day.,"go viral, viral video, viral post",approved
accurate,adjective,correct and true in every detail,"News reports must be accurate, even if this means publishing them more slowly.","accurate information, accurate account, highly accurate",approved
anonymous,adjective,with a name that is not known or not made public,Anonymous comments online are often more aggressive than signed ones.,"remain anonymous, anonymous source, anonymous comments",approved
commentary,noun,a spoken description of an event as it happens; also written or spoken opinions about something,Radio commentary allows people who cannot see a match to follow every moment.,"live commentary, running commentary, political commentary",approved
disseminate,verb,to spread information or ideas so that many people receive them,The internet allows researchers to disseminate their results around the world.,"disseminate information, widely disseminated, disseminate knowledge",approved
documentary,noun,a film or television programme that gives facts about a real subject,A powerful documentary can change how people think about plastic waste.,"wildlife documentary, television documentary, make a documentary",approved
entertainment,noun,"films, music, games and other things that people enjoy watching or doing in their free time",Television is no longer the main form of entertainment for young people.,"form of entertainment, entertainment industry, home entertainment",approved
fact-check,verb,to check that the facts in a piece of writing or a speech are correct,Readers should fact-check surprising claims before sharing them online.,"fact-check a claim, carefully fact-checked, fact-check a story",approved
influence,noun,the power to affect how someone thinks or behaves,Advertising has a strong influence on what children want to eat.,"have an influence on, strong influence, positive influence",approved
mainstream,adjective,"accepted by or connected with most people; also describing the usual, traditional media or ideas",Many young people now get their news from online creators rather than mainstream newspapers.,"mainstream media, mainstream culture, become mainstream",approved
newsletter,noun,a short regular report sent by email or post to people interested in an organisation or subject,The school sends a weekly newsletter to keep parents informed.,"weekly newsletter, email newsletter, sign up for a newsletter",approved
podcast,noun,a recorded audio programme that you can download or listen to online,Many people listen to a podcast while travelling to work.,"listen to a podcast, popular podcast, podcast episode",approved
publicity,noun,"attention given to someone or something by newspapers, television and the internet",The charity's campaign received a lot of publicity after a famous singer supported it.,"attract publicity, bad publicity, publicity campaign",approved
reliable,adjective,able to be trusted or depended on,Official statistics are usually a more reliable source than social media posts.,"reliable source, reliable information, highly reliable",approved
sensational,adjective,(of news) presented in a way that is meant to shock or excite people rather than inform them,Sensational reporting of crime can make people feel less safe than they really are.,"sensational headlines, sensational reporting, sensational claims",approved
statement,noun,something that someone says or writes officially,The company released a statement apologising for the delay.,"official statement, make a statement, issue a statement",approved
trend,noun,a general change or development in the way people behave or things happen,There is a growing trend for people to work from home.,"growing trend, current trend, follow a trend",approved
viewpoint,noun,a particular way of thinking about a subject; an opinion,A good essay considers more than one viewpoint before reaching a conclusion.,"different viewpoint, opposing viewpoint, from the viewpoint of",approved
visual,adjective,connected with seeing or with pictures,Young children often learn best from visual materials such as pictures and videos.,"visual aids, visual arts, visual information",approved
widespread,adjective,happening in many places or among many people,There is widespread concern about the effect of screens on children's sleep.,"widespread concern, widespread use, widespread support",approved
artistic,adjective,connected with art; also having a natural skill in art,Schools should give children more chances to develop their artistic talents.,"artistic talent, artistic expression, artistic freedom",approved
creativity,noun,the ability to produce new and original ideas or things,Too much testing may limit children's creativity.,"encourage creativity, boost creativity, creativity and innovation",approved
cultural,adjective,"connected with the customs, art and ideas of a society",Museums play an important role in protecting a nation's cultural heritage.,"cultural heritage, cultural identity, cultural differences",approved
literature,noun,"novels, poems and plays, especially those considered to have artistic value",Reading literature can help young people understand how other people feel.,"classic literature, study literature, works of literature",approved
craft,noun,"an activity that needs skill with the hands, such as making pottery or furniture; also the skill itself",Traditional crafts such as weaving are disappearing in many villages.,"traditional craft, arts and crafts, craft skills",approved
gallery,noun,a room or building where paintings and other art are shown to the public,Free entry to the national art gallery has doubled the number of visitors.,"art gallery, national gallery, gallery visitors",approved
inspiration,noun,something that gives you new ideas or makes you want to do something,Many writers find inspiration in their own childhood memories.,"source of inspiration, find inspiration, draw inspiration from",approved
masterpiece,noun,"a work of art, writing or music of extremely high quality",Every visitor to the museum wants to see its most famous masterpiece.,"a true masterpiece, literary masterpiece, masterpiece of",approved
portrait,noun,"a painting, drawing or photograph of a person","Before photography, only wealthy families could pay an artist to paint a portrait.","paint a portrait, family portrait, portrait painter",approved
sculpture,noun,"a work of art made by shaping stone, wood, metal or other materials; also the art of making these",A large sculpture in the town square has become a popular meeting point.,"bronze sculpture, modern sculpture, public sculpture",approved
creative,adjective,good at thinking of new ideas or making new things,Creative subjects such as art and music deserve as much time as maths.,"creative thinking, creative industries, highly creative",approved
exhibition,noun,a public show of art or other objects of interest,The museum's new exhibition explains the history of the city.,"art exhibition, hold an exhibition, exhibition of",approved
fiction,noun,books and stories about imaginary people and events,Reading fiction can improve children's vocabulary and help them to see the world through other people's eyes.,"science fiction, work of fiction, popular fiction",approved
genre,noun,"a particular type of art, music, film or writing, such as comedy or crime",Fantasy has become a popular genre among teenage readers.,"literary genre, popular genre, music genre",approved
historical,adjective,connected with history or with people and events in the past,Visiting historical sites helps students understand the past.,"historical site, historical event, historical background",approved
interpretation,noun,an explanation of the meaning of something; also the way an actor or musician performs a work,Each director offers a different interpretation of the same play.,"different interpretation, open to interpretation, interpretation of",approved
modern,adjective,belonging to the present time or recent times; using new styles and ideas,Some people find modern art difficult to understand.,"modern art, modern society, modern technology",approved
originality,noun,the quality of being new and different from anything else,Judges in the competition look for originality as well as skill.,"lack of originality, show originality, great originality",approved
poetry,noun,"poems in general, or the art of writing them",Learning poetry by heart was once a normal part of school life.,"write poetry, read poetry, collection of poetry",approved
representation,noun,"the way that someone or something is shown or described, for example in art or the media; also having people to speak for you",Children's books should include a fair representation of different families and cultures.,"fair representation, accurate representation, representation of",approved
ritual,noun,"a set of actions always done in the same way, especially as part of a ceremony or tradition",Sharing a meal together is an important family ritual in many cultures.,"religious ritual, daily ritual, ancient ritual",approved
symbol,noun,"a sign, object or picture that represents an idea or quality",The dove is widely used as a symbol of peace.,"symbol of, national symbol, status symbol",approved
theatrical,adjective,connected with the theatre; also behaving in an exaggerated way to get attention,Local theatrical groups give young people the chance to perform on stage.,"theatrical performance, theatrical production, theatrical tradition",approved
artwork,noun,"a painting, sculpture or other piece of art",A single artwork by a famous painter can sell for an enormous sum.,"original artwork, public artwork, display artwork",approved
classical,adjective,traditional in style; also connected with ancient Greek and Roman culture,Listening to classical music while studying helps some students to concentrate.,"classical music, classical literature, classical dance",approved
composer,noun,a person who writes music,A film composer writes music that matches the mood of each scene.,"famous composer, film composer, classical composer",approved
cultural exchange,noun,"the sharing of ideas, customs and experiences between people from different countries or cultures",School trips abroad are a valuable form of cultural exchange.,"cultural exchange programme, promote cultural exchange, encourage cultural exchange",approved
folk,adjective,traditional and typical of the ordinary people of a particular country or area,Folk music tells us a lot about how people lived in the past.,"folk music, folk tale, folk dance",approved
imagination,noun,the ability to form pictures or ideas in your mind of things that are not real or not present,Playing outdoors allows children to use their imagination.,"use your imagination, vivid imagination, lack of imagination",approved
performer,noun,"a person who entertains an audience, for example by acting, singing or dancing",Street performers make city centres feel lively and welcoming.,"street performer, live performer, talented performer",approved
storytelling,noun,the activity of telling or writing stories,Storytelling is one of the oldest ways of passing on knowledge.,"art of storytelling, traditional storytelling, digital storytelling",approved
attraction,noun,a place or event that people visit because it is interesting or enjoyable,The old castle is the town's main tourist attraction.,"tourist attraction, main attraction, popular attraction",approved
itinerary,noun,"a plan of a journey, including the places you will visit and when",A detailed itinerary helps travellers to make the most of a short holiday.,"travel itinerary, detailed itinerary, plan an itinerary",approved
tourism,noun,the business of providing services for people who are travelling for pleasure,"Tourism brings money to the region, but it also raises the cost of housing.","mass tourism, tourism industry, boost tourism",approved
hospitality,noun,"friendly and generous behaviour towards guests; also the business of hotels, restaurants and bars",The hospitality industry employs many young people in seasonal jobs.,"hospitality industry, hospitality sector, warm hospitality",approved
reservation,noun,"an arrangement to keep a seat, room or table for someone; also a feeling of doubt",It is usually cheaper to make a hotel reservation several months in advance.,"make a reservation, hotel reservation, have reservations about",approved
adventure,noun,"an unusual, exciting and sometimes dangerous experience",Many young people take a gap year to travel and look for adventure.,"sense of adventure, great adventure, adventure holiday",approved
excursion,noun,"a short trip made for pleasure or education, usually by a group",The school organises an excursion to the science museum every spring.,"school excursion, day excursion, go on an excursion",approved
landmark,noun,a famous building or place that is easy to recognise; also an important event,The bridge has become the city's best-known landmark.,"famous landmark, historic landmark, local landmark",approved
transport,noun,"vehicles such as buses, trains and planes, or the system for moving people and goods",Good transport links can bring more visitors to remote areas.,"transport links, means of transport, transport system",approved
visa,noun,an official document or stamp in a passport that allows you to enter or stay in a country,Some countries now let tourists apply for a visa online.,"apply for a visa, tourist visa, visa requirements",approved
coastal,adjective,on or near the coast,Coastal towns often depend on tourism during the summer months.,"coastal area, coastal town, coastal erosion",approved
cruise,noun,a holiday on a large ship that stops at several places,A cruise is a popular holiday for older travellers who want to see several countries.,"go on a cruise, cruise ship, luxury cruise",approved
local cuisine,noun,the typical food and style of cooking of a particular area,Trying the local cuisine is one of the best parts of travelling abroad.,"sample the local cuisine, taste the local cuisine, enjoy the local cuisine",approved
package holiday,noun,"a holiday in which travel, a hotel and sometimes meals are sold together for one price",A package holiday is often cheaper than booking flights and a hotel separately.,"cheap package holiday, book a package holiday, all-inclusive package holiday",approved
recreation,noun,activities done for enjoyment when you are not working,Parks provide space for recreation in crowded cities.,"outdoor recreation, recreation centre, leisure and recreation",approved
resort,noun,a place where many people go on holiday; also something you use only when other choices have failed,The beach resort is crowded in summer but almost empty in winter.,"seaside resort, ski resort, as a last resort",approved
sightseeing,noun,the activity of visiting famous or interesting places as a tourist,Many visitors spend their first day sightseeing in the old town.,"go sightseeing, sightseeing tour, day of sightseeing",approved
travel agency,noun,a business that arranges holidays and journeys for customers,Fewer people visit a travel agency now that holidays can be booked online.,"local travel agency, book through a travel agency, online travel agency",approved
traveller,noun,a person who is travelling or who often travels,Cheap airlines have made it possible for young travellers to visit many countries.,"business traveller, frequent traveller, independent traveller",approved
sustainable tourism,noun,tourism that protects the environment and local communities while still bringing money to an area,Sustainable tourism encourages visitors to respect local customs and nature.,"promote sustainable tourism, develop sustainable tourism, principles of sustainable tourism",approved
peak season,noun,the time of year when the most tourists visit a place and prices are highest,Hotel prices can double during the peak season.,"during peak season, in peak season, peak season prices",approved
off-season,noun,the time of year when few tourists visit a place,Travelling in the off-season is cheaper and less crowded.,"in the off-season, off-season prices, during the off-season",approved
adventure tourism,noun,"travel that involves exciting and sometimes risky activities, such as climbing or rafting",Adventure tourism has brought new jobs to many mountain villages.,"growth of adventure tourism, adventure tourism industry, adventure tourism activities",approved
cultural tourism,noun,"travel in order to learn about the art, history and way of life of a place",Cultural tourism can help to protect old buildings and traditions.,"promote cultural tourism, cultural tourism destination, growth in cultural tourism",approved
destination management,noun,"the planning and control of a tourist area so that it benefits visitors, local people and the environment",Good destination management can stop popular places from becoming overcrowded.,"effective destination management, destination management plan, destination management organisation",approved
eco-tourism,noun,tourism to natural areas that aims to protect the environment and support local people,Eco-tourism can give local communities a reason to protect forests and wildlife.,"promote eco-tourism, eco-tourism project, growth of eco-tourism",approved
international,adjective,involving two or more countries,International students bring a wide range of experiences to university campuses.,"international students, international trade, international cooperation",approved
analysis,noun,the careful study of something in order to understand or explain it,A careful analysis of the data showed no link between screen time and exam results.,"data analysis, detailed analysis, careful analysis",approved
approach,noun,a way of dealing with a problem or doing something,A more practical approach to science teaching could make lessons more engaging.,"new approach, different approach, approach to",approved
assumption,noun,something that you believe is true without having proof,The study was based on the assumption that all pupils had internet access at home.,"make an assumption, common assumption, based on the assumption",approved
experiment,noun,a scientific test done to find out what happens or to check whether an idea is true,Students learn more when they carry out an experiment themselves instead of only reading about it.,"carry out an experiment, conduct an experiment, scientific experiment",approved
hypothesis,noun,an idea that is suggested as a possible explanation and then tested,The researchers tested the hypothesis that background music improves concentration.,"test a hypothesis, support a hypothesis, initial hypothesis",approved
method,noun,a particular way of doing something,Online learning has become a popular method of teaching adults.,"teaching method, scientific method, effective method",approved
observation,noun,the act of watching someone or something carefully to learn about them; also a comment,Scientists have learnt a great deal about animal behaviour through careful observation.,"careful observation, direct observation, make an observation",approved
scientific,adjective,connected with science or using its methods,There is strong scientific evidence that regular exercise improves memory.,"scientific research, scientific evidence, scientific method",approved
theory,noun,an idea or set of ideas that tries to explain something,"Theory is important, but medical students also need plenty of practical experience.","in theory, scientific theory, develop a theory",approved
variable,noun,"a factor that can change, especially one that is measured or controlled in an experiment","In a fair test, scientists change only one variable at a time.","independent variable, dependent variable, key variable",approved
laboratory,noun,a room or building where scientists do experiments and research,Every secondary school should have a well-equipped science laboratory.,"science laboratory, research laboratory, laboratory tests",approved
discovery,noun,the act of finding something that was not known before; also the thing that is found,The discovery of penicillin has saved countless lives.,"scientific discovery, make a discovery, major discovery",approved
finding,noun,a piece of information discovered as the result of research (usually plural),The findings of the study suggest that sleep affects exam results.,"key findings, research findings, publish findings",approved
measurement,noun,the act of finding the exact size or amount of something; also the size or amount found,Accurate measurement of air quality is needed before cities can take action.,"accurate measurement, unit of measurement, take measurements",approved
sample,noun,a small group or amount taken from a larger one to be tested or studied,The researchers used a large sample of adults from across the country.,"random sample, large sample, sample size",approved
survey,noun,a set of questions asked to a large number of people to find out their opinions or behaviour,A survey of local residents showed strong support for more cycle lanes.,"carry out a survey, national survey, survey results",approved
technology,noun,scientific knowledge used to make machines and tools; also the machines and tools themselves,New technology has made it possible to study the human brain while it works.,"modern technology, advances in technology, information technology",approved
accuracy,noun,the quality of being correct or exact,Scientists repeat their tests several times to check the accuracy of their results.,"check the accuracy, degree of accuracy, high accuracy",approved
conclusion,noun,a decision or opinion reached after thinking carefully about the facts; also the end of something,It is too early to reach a conclusion about the long-term effects of social media.,"reach a conclusion, draw a conclusion, in conclusion",approved
correlation,noun,a connection between two things in which one changes when the other does,"There is a strong correlation between education and income, but one does not always cause the other.","strong correlation, positive correlation, correlation between",approved
criterion,noun,a standard used for judging or deciding something (plural: criteria),Price should not be the only criterion when choosing a university.,"main criterion, key criterion, single criterion",approved
demonstrate,verb,"to show clearly that something is true, or to show how something works",Several studies demonstrate that green spaces improve mental health.,"clearly demonstrate, demonstrate that, demonstrate how",approved
estimate,verb,"to guess the size, cost or amount of something using the information you have",Experts estimate that the city's population will grow rapidly over the coming decades.,"estimate that, roughly estimate, difficult to estimate",approved
factor,noun,one of the things that cause or influence a situation,Cost is a major factor when families decide where to live.,"key factor, major factor, contributing factor",approved
investigate,verb,to examine something carefully to find out the truth or the cause,Scientists are investigating why some people catch colds more often than others.,"investigate the cause, investigate a claim, fully investigate",approved
objective,adjective,"based on facts rather than personal feelings or opinions; also, as a noun, an aim","Researchers must stay objective, even when the results disappoint them.","objective evidence, remain objective, objective view",approved
outcome,noun,the result of an action or event,Early treatment usually leads to a better outcome for patients.,"positive outcome, likely outcome, final outcome",approved
phenomenon,noun,"something that happens or exists, especially something unusual or hard to explain (plural: phenomena)",Working from home was a rare phenomenon before the internet.,"natural phenomenon, social phenomenon, global phenomenon",approved
statistical,adjective,"connected with statistics, the study of numbers to find patterns",Statistical analysis showed that the new teaching method made no real difference.,"statistical analysis, statistical evidence, statistical data",approved
valid,adjective,"based on good reasons or evidence; also officially acceptable, such as a ticket or passport",Both sides of the debate make valid points.,"valid point, valid argument, valid passport",approved
verify,verb,to check that something is true or correct,Journalists should verify facts with more than one source.,"verify a claim, independently verify, verify the identity of",approved
empirical,adjective,"based on what is seen, tested or experienced rather than on theory alone",Claims about health products should be supported by empirical evidence.,"empirical evidence, empirical research, empirical study",approved
evaluation,noun,"the process of judging how good, useful or successful something is",Every new teaching programme needs careful evaluation before it is used in all schools.,"careful evaluation, carry out an evaluation, evaluation of",approved
fieldwork,noun,"research done in the real world, for example outdoors or in people's homes, rather than in a laboratory or library",Geography students do fieldwork to study rivers and coastlines in person.,"do fieldwork, carry out fieldwork, fieldwork trip",approved
methodology,noun,the set of methods and principles used to carry out a piece of research,Other researchers questioned the methodology of the study because the sample was too small.,"research methodology, question the methodology, methodology of",approved
quantitative,adjective,connected with numbers and amounts rather than qualities,"Quantitative research can show how many people hold an opinion, but not why.","quantitative research, quantitative data, quantitative analysis",approved
qualitative,adjective,"connected with what something is like or how good it is, rather than with numbers",Qualitative interviews help researchers understand why people make certain choices.,"qualitative research, qualitative data, qualitative study",approved
research-based,adjective,based on the results of careful research,Teachers should use research-based methods rather than following fashion.,"research-based approach, research-based practice, research-based teaching",approved
significant,adjective,large or important enough to have an effect or to be noticed,Regular reading has a significant impact on children's vocabulary.,"significant impact, significant increase, statistically significant",approved
agriculture,noun,the science and work of farming: growing crops and raising animals,"Agriculture depends on a reliable supply of water, so a long drought can be devastating for farmers.","modern agriculture, sustainable agriculture, intensive agriculture",approved
crop,noun,"a plant such as wheat or rice grown in large amounts, especially for food; also the amount grown in one season",A drought can destroy a whole year's crop in a matter of weeks.,"grow crops, crop failure, cash crop",approved
farming,noun,the business of growing crops or keeping animals on a farm,Farming is becoming more difficult as summers grow hotter and drier.,"intensive farming, small-scale farming, farming community",approved
harvest,noun,the time when crops are cut and collected; also the amount of crops collected,Heavy rain just before the harvest can ruin months of a farmer's work.,"good harvest, poor harvest, harvest time",approved
irrigation,noun,the supply of water to land or crops through pipes or channels,Modern irrigation systems can reduce the amount of water that farms waste.,"irrigation system, drip irrigation, irrigation channels",approved
livestock,noun,"animals such as cows, sheep and pigs kept on a farm",Raising livestock produces large amounts of greenhouse gases.,"raise livestock, livestock farming, livestock production",approved
pesticide,noun,a chemical used to kill insects or other pests that damage crops,The heavy use of pesticides may be harming bees and other useful insects.,"use pesticides, pesticide use, harmful pesticides",approved
fertiliser,noun,a natural or chemical substance added to soil to help plants grow,Too much fertiliser can wash into rivers and harm fish.,"chemical fertiliser, natural fertiliser, use fertiliser",approved
food security,noun,a situation in which all people can get enough safe and healthy food at all times,Climate change is a growing threat to food security in many regions.,"ensure food security, improve food security, global food security",approved
diet,noun,the food that a person or animal usually eats,A diet high in sugar increases the risk of heart disease.,"balanced diet, healthy diet, poor diet",approved
consumption,noun,"the amount of something that people use, eat or drink; also the act of using it",Meat consumption has risen sharply as incomes have grown.,"meat consumption, energy consumption, reduce consumption",approved
production,noun,the process of growing or making things in large amounts; also the amount produced,Food production must increase to feed a growing world population.,"food production, mass production, production costs",approved
cultivation,noun,the growing of plants or crops; also the preparing of land for this,Rice cultivation needs large amounts of water.,"rice cultivation, land under cultivation, cultivation of",approved
fertile,adjective,(of land or soil) able to produce good crops,Many early cities grew up in fertile river valleys.,"fertile soil, fertile land, highly fertile",approved
grain,noun,"the seeds of plants such as wheat, rice and maize, used as food; also a single seed",Much of the world's grain is fed to animals rather than people.,"whole grain, grain production, grain prices",approved
protein,noun,"a substance in foods such as meat, eggs and beans that the body needs to grow and repair itself",Beans and lentils are cheap sources of protein.,"source of protein, high in protein, plant protein",approved
yield,noun,the amount of crops produced from an area of land,Better irrigation can double the yield of a small farm.,"crop yield, high yield, increase yields",approved
processed,adjective,"(of food) changed by adding chemicals or using industrial methods, to make it last longer or be easier to prepare",Processed food often contains large amounts of salt and sugar.,"processed food, highly processed, processed meat",approved
agricultural,adjective,connected with farming,Agricultural land is being lost as cities expand.,"agricultural land, agricultural production, agricultural sector",approved
arable,adjective,(of land) used for or suitable for growing crops,"Only a small part of the country's land is arable, so much of its food is imported.","arable land, arable farming, arable crops",approved
commodity,noun,"a product or raw material that can be bought and sold, such as coffee, oil or wheat",Fresh water may become the most valuable commodity of this century.,"valuable commodity, commodity prices, basic commodity",approved
distribution,noun,the way something is shared out or supplied among people or places,Hunger is often caused by poor distribution of food rather than by a lack of it.,"food distribution, distribution of wealth, distribution network",approved
industrial farming,noun,"farming on a very large scale, using machines, chemicals and large numbers of animals to produce as much food as possible","Industrial farming produces cheap food, but it can harm animals and the environment.","rise of industrial farming, effects of industrial farming, move away from industrial farming",approved
organic farming,noun,farming without artificial chemicals such as pesticides and chemical fertilisers,Organic farming usually produces smaller harvests but uses fewer chemicals.,"switch to organic farming, organic farming methods, support organic farming",approved
poultry,noun,birds such as chickens and ducks kept for their eggs or meat; also their meat,Poultry is the most widely eaten meat in many countries.,"poultry farming, poultry farm, poultry products",approved
seafood,noun,fish and shellfish eaten as food,Overfishing threatens the supply of seafood in many coastal areas.,"fresh seafood, seafood restaurant, local seafood",approved
shortage,noun,a situation in which there is not enough of something,A water shortage can force farmers to leave their land.,"water shortage, food shortage, severe shortage",approved
farmland,noun,land used for farming,Building new housing on farmland reduces the amount of food a country can grow.,"area of farmland, protect farmland, good farmland",approved
irrigate,verb,to supply land or crops with water through pipes or channels,Farmers in dry areas irrigate their fields with water from rivers or from under the ground.,"irrigate crops, irrigate fields, irrigated land",approved
monoculture,noun,the growing of only one type of crop on a large area of land,Monoculture can leave farms vulnerable to a single disease.,"large-scale monoculture, monoculture farming, crop monoculture",approved
pasture,noun,land covered with grass that animals such as cows and sheep eat,Forests are being cleared to create pasture for cattle.,"open pasture, pasture land, cleared for pasture",approved
seasonal,adjective,happening or needed only at a particular time of year,Many farms depend on seasonal workers to pick fruit in summer.,"seasonal workers, seasonal fruit, seasonal changes",approved
soil,noun,"the top layer of the earth, in which plants grow",Healthy soil is the foundation of good farming.,"fertile soil, soil erosion, soil quality",approved
parenting,noun,the activity of bringing up children,There is no single correct style of parenting.,"parenting style, parenting skills, good parenting",approved
adolescent,noun,a young person who is developing from a child into an adult,Many adolescents feel pressure to look like the people they see online.,"young adolescents, adolescent development, adolescent behaviour",approved
adulthood,noun,the time in your life when you are an adult,Habits formed in childhood often continue into adulthood.,"reach adulthood, early adulthood, into adulthood",approved
upbringing,noun,the way a child is cared for and taught how to behave while growing up,A person's upbringing has a strong effect on the beliefs they hold as an adult.,"strict upbringing, happy upbringing, religious upbringing",approved
education,noun,"the process of teaching and learning, especially in schools, colleges and universities",Parents play an important part in their children's education.,"higher education, quality education, access to education",approved
guidance,noun,help and advice about what to do,Teenagers need guidance from adults when making decisions about their future.,"careers guidance, parental guidance, provide guidance",approved
independence,noun,the freedom to make your own decisions and look after yourself,Giving children small household jobs helps them to develop independence.,"financial independence, gain independence, sense of independence",approved
maturity,noun,the quality of behaving in a sensible way like an adult; also the state of being fully grown,Some teenagers show great maturity when they look after younger brothers and sisters.,"emotional maturity, show maturity, reach maturity",approved
peer,noun,a person of the same age or social position as you,Teenagers often care more about what their peers think than about what their parents think.,"peer pressure, peer group, peer support",approved
relationship,noun,the way in which two or more people feel and behave towards each other,A strong relationship between parents and teachers benefits children.,"close relationship, build a relationship, relationship with",approved
support,noun,"help, encouragement or money given to someone",Young parents often need practical support from their families.,"emotional support, financial support, provide support",approved
youth,noun,the period of life when someone is young; also young people as a group,Youth unemployment is a serious problem in many parts of the world.,"youth unemployment, youth club, in my youth",approved
elderly,adjective,old (a polite word to describe people who are old),Many elderly people live alone and can feel isolated.,"elderly people, elderly parents, care for the elderly",approved
guardian,noun,"a person who is legally responsible for a child, usually because the child's parents cannot care for them",A parent or guardian must sign the form before a child can go on the trip.,"legal guardian, parent or guardian, appoint a guardian",approved
nursery,noun,a place where young children are cared for while their parents are at work,Many working parents rely on a nursery to look after their young children.,"day nursery, nursery school, nursery place",approved
offspring,noun,"a person's children, or an animal's young",Most parents want their offspring to have a better life than they had.,"their offspring, produce offspring, healthy offspring",approved
sibling,noun,a brother or sister,Many people who argued with a sibling as children become close friends as adults.,"older sibling, younger sibling, sibling rivalry",approved
carer,noun,"a person who looks after someone who is young, old, ill or disabled, often a member of their family",Many adults become the main carer for an elderly parent.,"main carer, full-time carer, unpaid carer",approved
conflict,noun,a serious disagreement or argument; also fighting between groups or countries,Conflict between parents and teenagers is a normal part of growing up.,"family conflict, resolve a conflict, avoid conflict",approved
emotional,adjective,connected with feelings,Children need emotional support as much as practical help.,"emotional support, emotional development, emotional well-being",approved
nurture,verb,to care for someone while they are growing up; also to help an idea or skill to develop,Good teachers nurture each child's natural curiosity.,"nurture talent, nurture a child, carefully nurtured",approved
respect,noun,"a feeling of admiring someone, or of treating them politely because of their qualities, rights or age",Children should be taught to treat everyone with respect.,"treat with respect, show respect, mutual respect",approved
role model,noun,a person whose behaviour others admire and try to copy,Older brothers and sisters can be powerful role models.,"positive role model, good role model, act as a role model",approved
socialisation,noun,the process by which children learn the behaviour and values of the society they live in,School plays an important part in the socialisation of young children.,"early socialisation, process of socialisation, socialisation of",approved
supervision,noun,the act of watching someone to make sure they are safe or are doing something correctly,Young children should not use the internet without adult supervision.,"adult supervision, under supervision, close supervision",approved
birth rate,noun,"the number of babies born in a year for every 1,000 people in a population",A falling birth rate means there will be fewer workers in the future.,"falling birth rate, low birth rate, high birth rate",approved
childcare,noun,"the care of children while their parents are working or busy, for example at a nursery",The high cost of childcare stops many parents from returning to work.,"affordable childcare, childcare costs, free childcare",approved
generation gap,noun,"the difference in ideas, values and behaviour between young people and older people",Technology has widened the generation gap in some families.,"bridge the generation gap, close the generation gap, widening generation gap",approved
parental,adjective,connected with parents or being a parent,Parental involvement in homework can improve children's results.,"parental leave, parental involvement, parental control",approved
single-parent,adjective,having only one parent living with the children,Single-parent families may need extra help with the cost of childcare.,"single-parent family, single-parent household, single-parent home",approved
stability,noun,the state of being steady and not likely to change suddenly,Children benefit from the stability of a regular daily routine.,"economic stability, emotional stability, sense of stability",approved
values,noun,"the beliefs a person or group has about what is right, wrong and important in life",Parents pass on their values to their children mainly through everyday example.,"family values, shared values, traditional values",approved
multinational,adjective,"operating in several countries; also, as a noun, a large company that does this",Multinational companies can move jobs to wherever costs are lowest.,"multinational company, multinational corporation, multinational force",approved
immigration,noun,the act of coming to live permanently in a different country; also the number of people who do this,Immigration can change the size and average age of a country's workforce.,"immigration policy, immigration control, levels of immigration",approved
cooperation,noun,the act of working together towards a shared aim,Tackling climate change requires cooperation between all countries.,"international cooperation, close cooperation, in cooperation with",approved
competition,noun,a situation in which people or organisations try to be more successful than others; also an organised contest,Competition from cheap imports has forced many local factories to close.,"fierce competition, global competition, competition between",approved
developing,adjective,"(of a country) poorer and with less industry, but working to grow its economy",Many developing countries are investing heavily in solar power.,"developing countries, developing nations, developing world",approved
developed,adjective,(of a country) having a lot of industry and a high standard of living,Developed countries produce more waste per person than poorer ones.,"developed countries, developed world, highly developed",approved
aid,noun,"money, food or other help given to people or countries in need",Emergency aid reached the area within days of the earthquake.,"foreign aid, humanitarian aid, emergency aid",approved
refugee,noun,"a person who has been forced to leave their country because of war, danger or disaster",Many refugees hope to return home once it is safe to do so.,"refugee camp, refugee status, accept refugees",approved
exchange,noun,the act of giving something and receiving something else in return; also a visit between groups from different countries,A student exchange allows young people to live with a family abroad.,"student exchange, exchange programme, exchange of ideas",approved
global,adjective,affecting or including the whole world,Air pollution is a global problem that no country can solve alone.,"global economy, global warming, global problem",approved
interdependence,noun,a situation in which people or countries depend on each other,The pandemic showed the interdependence of national economies.,"economic interdependence, global interdependence, growing interdependence",approved
outsourcing,noun,"paying another company, often in another country, to do work that a company used to do itself","Outsourcing can reduce costs, but it may lead to job losses at home.","outsourcing of, rise in outsourcing, outsourcing company",approved
tariff,noun,a tax on goods coming into or going out of a country,A high tariff on imported cars can protect local manufacturers.,"impose a tariff, import tariff, trade tariff",approved
humanitarian,adjective,"connected with helping people who are suffering, especially because of war or disaster",Humanitarian organisations provide food and medicine to people in war zones.,"humanitarian aid, humanitarian crisis, humanitarian organisation",approved
international relations,noun,the political and economic relationships between countries; also the study of these,Trade and tourism can improve international relations between neighbouring countries.,"study international relations, improve international relations, field of international relations",approved
sovereignty,noun,the power of a country to govern itself without control from other countries,Some people worry that international agreements reduce national sovereignty.,"national sovereignty, state sovereignty, sovereignty over",approved
sustainable development,noun,economic growth that meets people's needs today without harming the environment for future generations,Sustainable development means protecting forests while still creating jobs.,"promote sustainable development, achieve sustainable development, sustainable development goals",approved
transnational,adjective,operating in or involving several countries,River pollution becomes a transnational problem when a river flows through several countries.,"transnational company, transnational crime, transnational cooperation",approved
treaty,noun,a formal written agreement between two or more countries,Many countries have signed a treaty to protect the oceans.,"sign a treaty, peace treaty, international treaty",approved
coordination,noun,the organisation of different people or groups so that they work well together; also the ability to control the movements of your body,Good coordination between hospitals and ambulance services saves lives.,"close coordination, lack of coordination, coordination between",approved
disparity,noun,"a large and noticeable difference between things, especially one that seems unfair",There is a wide disparity in income between rural and urban areas.,"wide disparity, income disparity, disparity between",approved
emerging economy,noun,a country whose economy is growing quickly and becoming more industrial,Many emerging economies are investing heavily in new roads and airports.,"major emerging economies, fast-growing emerging economies, invest in emerging economies",approved
foreign investment,noun,money that people or companies from other countries put into businesses or property in a country,"Foreign investment can create jobs, but some of the profits may leave the country.","attract foreign investment, encourage foreign investment, level of foreign investment",approved
geopolitical,adjective,"connected with the way a country's position, size and resources affect its politics and its relations with other countries",Geopolitical tensions can cause sudden rises in the price of oil.,"geopolitical tensions, geopolitical situation, geopolitical risk",approved
human rights,noun,"the basic rights that every person should have, such as freedom of speech and the right to a fair trial",Freedom of speech is protected by human rights laws in many countries.,"human rights abuses, protect human rights, human rights organisation",approved
multilateral,adjective,involving three or more countries or groups,Multilateral agreements are often harder to reach than deals between neighbouring countries.,"multilateral agreement, multilateral talks, multilateral organisation",approved
regional,adjective,connected with a particular area of a country or of the world,Regional airports help businesses outside the capital to grow.,"regional government, regional differences, regional airport",approved
